pool_ID;genus;subgenus;species;stage;sex;N_pool;date_collected;location;results_YFV
C8;Haemagogus;Haemagogus;janthinomys;adult;female ;1;04/05/2021;DUCKE;negative 
C15;Haemagogus;Conopostegus;leucocelaenus;adult;female ;1;04/05/2021;DUCKE;negative 
C29;Haemagogus;Haemagogus;janthinomys;adult;female ;1;06/05/2021;DUCKE;negative 
C32;Haemagogus;Haemagogus;janthinomys;adult;female ;1;06/05/2021;DUCKE;negative 
C35;Haemagogus;Haemagogus;janthinomys;adult;female ;1;06/05/2021;DUCKE;negative 
C38;Haemagogus;Haemagogus;janthinomys;adult;female ;1;06/05/2021;DUCKE;negative 
C39;Haemagogus;Haemagogus;janthinomys;adult;female ;3;06/05/2021;DUCKE;negative 
C41;Haemagogus;Haemagogus;janthinomys;adult;female ;2;06/05/2021;DUCKE;negative 
C43;Haemagogus;Haemagogus;janthinomys;adult;female ;1;06/05/2021;DUCKE;negative 
C46;Haemagogus;Haemagogus;janthinomys;adult;female ;5;06/05/2021;DUCKE;negative 
C48;Haemagogus;Haemagogus;janthinomys;adult;female ;6;06/05/2021;DUCKE;negative 
C50;Haemagogus;Haemagogus;janthinomys;adult;female ;7;06/05/2021;DUCKE;negative 
C52;Haemagogus;Haemagogus;janthinomys;adult;female ;1;06/05/2021;DUCKE;negative 
C56;Haemagogus;Haemagogus;janthinomys;adult;female ;2;06/05/2021;DUCKE;negative 
C58;Haemagogus;Haemagogus;janthinomys;adult;female ;5;06/05/2021;DUCKE;negative 
C59;Haemagogus;Haemagogus;janthinomys;adult;female ;3;06/05/2021;DUCKE;negative 
C63;Haemagogus;Haemagogus;janthinomys;adult;female ;5;06/05/2021;DUCKE;negative 
C66;Haemagogus;Haemagogus;janthinomys;adult;female ;2;06/05/2021;DUCKE;negative 
C69;Haemagogus;Haemagogus;janthinomys;adult;female ;3;11/05/2021;DUCKE;negative 
C73;Haemagogus;Haemagogus;janthinomys;adult;female ;3;11/05/2021;DUCKE;negative 
C76;Haemagogus;Haemagogus;janthinomys;adult;female ;1;11/05/2021;DUCKE;negative 
C77;Haemagogus;Haemagogus;janthinomys;adult;female ;2;11/05/2021;DUCKE;negative 
C79;Haemagogus;Haemagogus;janthinomys;adult;female ;2;11/05/2021;DUCKE;negative 
C83;Haemagogus;Haemagogus;janthinomys;adult;female ;1;11/05/2021;DUCKE;negative 
C88;Haemagogus;Haemagogus;janthinomys;adult;female ;5;11/05/2021;DUCKE;negative 
C92;Haemagogus;Haemagogus;janthinomys;adult;female ;5;11/05/2021;DUCKE;negative 
C95;Haemagogus;Haemagogus;janthinomys;adult;female ;1;11/05/2021;DUCKE;negative 
C97;Haemagogus;Haemagogus;janthinomys;adult;female ;1;11/05/2021;DUCKE;negative 
C100;Haemagogus;Haemagogus;janthinomys;adult;female ;1;11/05/2021;DUCKE;negative 
C101;Haemagogus;Haemagogus;janthinomys;adult;female ;4;11/05/2021;DUCKE;negative 
C104;Haemagogus;Haemagogus;janthinomys;adult;female ;1;11/05/2021;DUCKE;negative 
C112;Haemagogus;Haemagogus;janthinomys;adult;female ;1;13/05/2021;DUCKE;negative 
C116;Haemagogus;Haemagogus;janthinomys;adult;female ;1;13/05/2021;DUCKE;negative 
C123;Haemagogus;Haemagogus;janthinomys;adult;female ;2;13/05/2021;DUCKE;negative 
C124;Haemagogus;Haemagogus;janthinomys;adult;female ;2;13/05/2021;DUCKE;negative 
C129;Haemagogus;Haemagogus;janthinomys;adult;female ;1;13/05/2021;DUCKE;negative 
C141;Haemagogus;Haemagogus;janthinomys;adult;female ;4;13/05/2021;DUCKE;negative 
C177;Haemagogus;Haemagogus;janthinomys;adult;female ;1;20/05/2021;DUCKE;negative 
C186;Haemagogus;Haemagogus;janthinomys;adult;female ;4;20/05/2021;DUCKE;negative 
C189;Haemagogus;Conopostegus;leucocelaenus;adult;female ;2;20/05/2021;DUCKE;negative 
C193;Haemagogus;Haemagogus;janthinomys;adult;female ;1;20/05/2021;DUCKE;negative 
C194;Haemagogus;Conopostegus;leucocelaenus;adult;female ;1;20/05/2021;DUCKE;negative 
C197;Haemagogus;Haemagogus;janthinomys;adult;female ;3;20/05/2021;DUCKE;negative 
C201;Haemagogus;Haemagogus;janthinomys;adult;female ;3;20/05/2021;DUCKE;negative 
C204;Haemagogus;Haemagogus;janthinomys;adult;female ;1;20/05/2021;DUCKE;negative 
C211;Haemagogus;Conopostegus;leucocelaenus;adult;female ;1;20/05/2021;DUCKE;negative 
C213;Haemagogus;Conopostegus;leucocelaenus;adult;female ;1;20/05/2021;DUCKE;negative 
C216;Haemagogus;Haemagogus;janthinomys;adult;female ;1;25/05/2021;DUCKE;negative 
C222;Haemagogus;Haemagogus;janthinomys;adult;female ;1;25/05/2021;DUCKE;negative 
C223;Haemagogus;Haemagogus;janthinomys;adult;female ;2;25/05/2021;DUCKE;negative 
C224;Haemagogus;Haemagogus;baresi;adult;female ;1;25/05/2021;DUCKE;negative 
C225;Haemagogus;Haemagogus;janthinomys;adult;female ;3;25/05/2021;DUCKE;negative 
C230;Haemagogus;Haemagogus;janthinomys;adult;female ;7;25/05/2021;DUCKE;negative 
C232;Haemagogus;Haemagogus;janthinomys;adult;female ;4;25/05/2021;DUCKE;negative 
C233;Haemagogus;Conopostegus;leucocelaenus;adult;female ;1;25/05/2021;DUCKE;negative 
C234;Haemagogus;Haemagogus;janthinomys;adult;female ;3;25/05/2021;DUCKE;negative 
C235;Haemagogus;Conopostegus;leucocelaenus;adult;female ;1;25/05/2021;DUCKE;negative 
C237;Haemagogus;Haemagogus;janthinomys;adult;female ;3;25/05/2021;DUCKE;negative 
C239;Haemagogus;Haemagogus;janthinomys;adult;female ;8;25/05/2021;DUCKE;negative 
C242;Haemagogus;Haemagogus;janthinomys;adult;female ;5;25/05/2021;DUCKE;negative 
C246;Haemagogus;Haemagogus;janthinomys;adult;female ;3;25/05/2021;DUCKE;negative 
C248;Haemagogus;Haemagogus;janthinomys;adult;female ;8;25/05/2021;DUCKE;negative 
C249;Haemagogus;Haemagogus;janthinomys;adult;female ;3;25/05/2021;DUCKE;negative 
C252;Haemagogus;Haemagogus;janthinomys;adult;female ;8;25/05/2021;DUCKE;negative 
C255;Haemagogus;Haemagogus;janthinomys;adult;female ;3;25/05/2021;DUCKE;negative 
C256;Haemagogus;Haemagogus;janthinomys;adult;female ;1;27/05/2021;DUCKE;negative 
C260;Haemagogus;Haemagogus;janthinomys;adult;female ;1;27/05/2021;DUCKE;negative 
C262;Haemagogus;Haemagogus;janthinomys;adult;female ;3;01/06/2021;DUCKE;negative 
C266;Haemagogus;Conopostegus;leucocelaenus;adult;female ;1;01/06/2021;DUCKE;negative 
C271;Haemagogus;Haemagogus;janthinomys;adult;female ;3;01/06/2021;DUCKE;negative 
C275;Haemagogus;Haemagogus;janthinomys;adult;female ;4;01/06/2021;DUCKE;negative 
C276;Haemagogus;Haemagogus;janthinomys;adult;female ;1;01/06/2021;DUCKE;negative 
C280;Haemagogus;Haemagogus;janthinomys;adult;female ;3;01/06/2021;DUCKE;negative 
C288;Haemagogus;Haemagogus;janthinomys;adult;female ;1;01/06/2021;DUCKE;negative 
C289;Haemagogus;Haemagogus;janthinomys;adult;female ;1;01/06/2021;DUCKE;negative 
C294;Haemagogus;Conopostegus;leucocelaenus;adult;female ;2;01/06/2021;DUCKE;negative 
C298;Haemagogus;Haemagogus;janthinomys;adult;female ;6;01/06/2021;DUCKE;negative 
C302;Haemagogus;Conopostegus;leucocelaenus;adult;female ;1;01/06/2021;DUCKE;negative 
C307;Haemagogus;Haemagogus;janthinomys;adult;female ;2;01/06/2021;DUCKE;negative 
C311;Haemagogus;Haemagogus;janthinomys;adult;female ;1;01/06/2021;DUCKE;negative 
C314;Haemagogus;Haemagogus;janthinomys;adult;female ;4;01/06/2021;DUCKE;negative 
C319;Haemagogus;Haemagogus;janthinomys;adult;female ;1;10/06/2021;DUCKE;negative 
C320;Haemagogus;Haemagogus;janthinomys;adult;female ;1;10/06/2021;DUCKE;negative 
C322;Haemagogus;Haemagogus;janthinomys;adult;female ;1;10/06/2021;DUCKE;negative 
C324;Haemagogus;Haemagogus;janthinomys;adult;female ;3;10/06/2021;DUCKE;negative 
C326;Haemagogus;Haemagogus;janthinomys;adult;female ;1;10/06/2021;DUCKE;negative 
C328;Haemagogus;Haemagogus;janthinomys;adult;female ;1;10/06/2021;DUCKE;negative 
C330;Haemagogus;Haemagogus;janthinomys;adult;female ;1;10/06/2021;DUCKE;negative 
C332;Haemagogus;Haemagogus;janthinomys;adult;female ;2;10/06/2021;DUCKE;negative 
C334;Haemagogus;Haemagogus;janthinomys;adult;female ;1;10/06/2021;DUCKE;negative 
C336;Haemagogus;Haemagogus;janthinomys;adult;female ;2;10/06/2021;DUCKE;negative 
C339;Haemagogus;Haemagogus;janthinomys;adult;female ;1;10/06/2021;DUCKE;negative 
C340;Haemagogus;Haemagogus;janthinomys;adult;female ;1;10/06/2021;DUCKE;negative 
C342;Haemagogus;Haemagogus;janthinomys;adult;female ;2;10/06/2021;DUCKE;negative 
C379;Haemagogus;Haemagogus;janthinomys;adult;female ;1;17/06/2021;DUCKE;negative 
C382;Haemagogus;Haemagogus;janthinomys;adult;female ;2;17/06/2021;DUCKE;negative 
C383;Haemagogus;Haemagogus;janthinomys;adult;female ;1;17/06/2021;DUCKE;negative 
C385;Haemagogus;Haemagogus;janthinomys;adult;female ;1;17/06/2021;DUCKE;negative 
C386;Haemagogus;Haemagogus;janthinomys;adult;female ;2;17/06/2021;DUCKE;negative 
C389;Haemagogus;Haemagogus;janthinomys;adult;female ;2;17/06/2021;DUCKE;negative 
C390;Haemagogus;Haemagogus;janthinomys;adult;female ;2;17/06/2021;DUCKE;negative 
C391;Haemagogus;Haemagogus;janthinomys;adult;female ;1;17/06/2021;DUCKE;negative 
C393;Haemagogus;Conopostegus;leucocelaenus;adult;female ;1;17/06/2021;DUCKE;negative 
C395;Haemagogus;Haemagogus;janthinomys;adult;female ;1;17/06/2021;DUCKE;negative 
C396;Haemagogus;Haemagogus;janthinomys;adult;female ;2;17/06/2021;DUCKE;negative 
C397;Haemagogus;Haemagogus;janthinomys;adult;female ;2;17/06/2021;DUCKE;negative 
C398;Haemagogus;Haemagogus;janthinomys;adult;female ;2;17/06/2021;DUCKE;negative 
C400;Haemagogus;Haemagogus;janthinomys;adult;female ;1;17/06/2021;DUCKE;negative 
C403;Haemagogus;Haemagogus;janthinomys;adult;female ;1;17/06/2021;DUCKE;negative 
C406;Haemagogus;Haemagogus;janthinomys;adult;female ;4;17/06/2021;DUCKE;negative 
C409;Haemagogus;Haemagogus;janthinomys;adult;female ;1;17/06/2021;DUCKE;negative 
C410;Haemagogus;Haemagogus;janthinomys;adult;female ;1;17/06/2021;DUCKE;negative 
C420;Haemagogus;Haemagogus;janthinomys;adult;female ;1;21/06/2021;DUCKE;negative 
C426;Haemagogus;Haemagogus;janthinomys;adult;female ;2;21/06/2021;DUCKE;negative 
C428;Haemagogus;Conopostegus;leucocelaenus;adult;female ;2;21/06/2021;DUCKE;negative 
C429;Haemagogus;Haemagogus;janthinomys;adult;female ;1;21/06/2021;DUCKE;negative 
C430;Haemagogus;Conopostegus;leucocelaenus;adult;female ;1;21/06/2021;DUCKE;negative 
C431;Haemagogus;Haemagogus;baresi;adult;female ;1;21/06/2021;DUCKE;negative 
C435;Haemagogus;Haemagogus;janthinomys;adult;female ;2;21/06/2021;DUCKE;negative 
C443;Haemagogus;Haemagogus;janthinomys;adult;female ;1;21/06/2021;DUCKE;negative 
C447;Haemagogus;Haemagogus;janthinomys;adult;female ;1;21/06/2021;DUCKE;negative 
C450;Haemagogus;Haemagogus;janthinomys;adult;female ;1;21/06/2021;DUCKE;negative 
C453;Haemagogus;Haemagogus;janthinomys;adult;female ;1;18/06/2021;DUCKE;negative 
C459;Haemagogus;Conopostegus;leucocelaenus;adult;female ;1;18/06/2021;DUCKE;negative 
C461;Haemagogus;Haemagogus;janthinomys;adult;female ;3;18/06/2021;DUCKE;negative 
C463;Haemagogus;Haemagogus;janthinomys;adult;female ;1;18/06/2021;DUCKE;negative 
C466;Haemagogus;Conopostegus;leucocelaenus;adult;female ;1;18/06/2021;DUCKE;negative 
C467;Haemagogus;Haemagogus;janthinomys;adult;female ;2;18/06/2021;DUCKE;negative 
C469;Haemagogus;Haemagogus;janthinomys;adult;female ;2;18/06/2021;DUCKE;negative 
C472;Haemagogus;Conopostegus;leucocelaenus;adult;female ;2;18/06/2021;DUCKE;negative 
C474;Haemagogus;Haemagogus;janthinomys;adult;female ;1;18/06/2021;DUCKE;negative 
C476;Haemagogus;Conopostegus;leucocelaenus;adult;female ;1;18/06/2021;DUCKE;negative 
C481;Haemagogus;Haemagogus;janthinomys;adult;female ;2;18/06/2021;DUCKE;negative 
C485;Haemagogus;Haemagogus;janthinomys;adult;female ;1;18/06/2021;DUCKE;negative 
C487;Haemagogus;Haemagogus;janthinomys;adult;female ;2;18/06/2021;DUCKE;negative 
C489;Haemagogus;Haemagogus;janthinomys;adult;female ;1;18/06/2021;DUCKE;negative 
C490;Haemagogus;Haemagogus;janthinomys;adult;female ;2;18/06/2021;DUCKE;negative 
C498;Haemagogus;Haemagogus;janthinomys;adult;female ;1;18/06/2021;DUCKE;negative 
C501;Haemagogus;Haemagogus;janthinomys;adult;female ;2;18/06/2021;DUCKE;negative 
C503;Haemagogus;Conopostegus;leucocelaenus;adult;female ;1;18/06/2021;DUCKE;negative 
C507;Haemagogus;Haemagogus;janthinomys;adult;female ;2;18/06/2021;DUCKE;negative 
C520;Haemagogus;Haemagogus;janthinomys;adult;female ;1;24/06/2021;DUCKE;negative 
C525;Haemagogus;Haemagogus;janthinomys;adult;female ;1;24/06/2021;DUCKE;negative 
C528;Haemagogus;Haemagogus;janthinomys;adult;female ;1;24/06/2021;DUCKE;negative 
C532;Haemagogus;Haemagogus;janthinomys;adult;female ;1;24/06/2021;DUCKE;negative 
C540;Haemagogus;Haemagogus;janthinomys;adult;female ;3;24/06/2021;DUCKE;negative 
C563;Haemagogus;Haemagogus;janthinomys;adult;female ;1;02/07/2021;DUCKE;negative 
C578;Haemagogus;Haemagogus;janthinomys;adult;female ;1;07/07/2021;DUCKE;negative 
C584;Haemagogus;Haemagogus;janthinomys;adult;female ;1;07/07/2021;DUCKE;negative 
C588;Haemagogus;Haemagogus;janthinomys;adult;female ;1;08/07/2021;DUCKE;negative 
C590;Haemagogus;Haemagogus;janthinomys;adult;female ;2;08/07/2021;DUCKE;negative 
C592;Haemagogus;Haemagogus;janthinomys;adult;female ;1;08/07/2021;DUCKE;negative 
C594;Haemagogus;Haemagogus;janthinomys;adult;female ;1;08/07/2021;DUCKE;negative 
C595;Haemagogus;Haemagogus;janthinomys;adult;female ;1;08/07/2021;DUCKE;negative 
C599;Haemagogus;Haemagogus;janthinomys;adult;female ;2;08/07/2021;DUCKE;negative 
C600;Haemagogus;Haemagogus;janthinomys;adult;female ;1;08/07/2021;DUCKE;negative 
C603;Haemagogus;Haemagogus;janthinomys;adult;female ;1;08/07/2021;DUCKE;negative 
C626;Haemagogus;Haemagogus;janthinomys;adult;female ;1;14/07/2021;DUCKE;negative 
C634;Haemagogus;Haemagogus;janthinomys;adult;female ;1;14/07/2021;DUCKE;negative 
C637;Haemagogus;Haemagogus;janthinomys;adult;female ;1;14/07/2021;DUCKE;negative 
C638;Haemagogus;Conopostegus;leucocelaenus;adult;female ;1;15/07/2021;DUCKE;negative 
C639;Haemagogus;Haemagogus;janthinomys;adult;female ;2;15/07/2021;DUCKE;negative 
C642;Haemagogus;Conopostegus;leucocelaenus;adult;female ;1;15/07/2021;DUCKE;negative 
C643;Haemagogus;Haemagogus;janthinomys;adult;female ;1;15/07/2021;DUCKE;negative 
C644;Haemagogus;Haemagogus;janthinomys;adult;female ;4;15/07/2021;DUCKE;negative 
C647;Haemagogus;Haemagogus;janthinomys;adult;female ;2;15/07/2021;DUCKE;negative 
C648;Haemagogus;Conopostegus;leucocelaenus;adult;female ;2;15/07/2021;DUCKE;negative 
C651;Haemagogus;Haemagogus;janthinomys;adult;female ;1;15/07/2021;DUCKE;negative 
C653;Haemagogus;Haemagogus;baresi;adult;female ;1;15/07/2021;DUCKE;negative 
C656;Haemagogus;Haemagogus;janthinomys;adult;female ;2;15/07/2021;DUCKE;negative 
C661;Haemagogus;Haemagogus;baresi;adult;female ;3;15/07/2021;DUCKE;negative 
C664;Haemagogus;Haemagogus;janthinomys;adult;female ;1;15/07/2021;DUCKE;negative 
C673;Haemagogus;Haemagogus;janthinomys;adult;female ;1;20/07/2021;DUCKE;negative 
C674;Haemagogus;Haemagogus;janthinomys;adult;female ;3;22/07/2021;DUCKE;negative 
C675;Haemagogus;Haemagogus;baresi;adult;female ;1;22/07/2021;DUCKE;negative 
C676;Haemagogus;Conopostegus;leucocelaenus;adult;female ;1;22/07/2021;DUCKE;negative 
C677;Haemagogus;Haemagogus;janthinomys;adult;female ;2;22/07/2021;DUCKE;negative 
C678;Haemagogus;Haemagogus;janthinomys;adult;female ;1;22/07/2021;DUCKE;negative 
C680;Haemagogus;Haemagogus;janthinomys;adult;female ;5;22/07/2021;DUCKE;negative 
C683;Haemagogus;Haemagogus;janthinomys;adult;female ;2;22/07/2021;DUCKE;negative 
C684;Haemagogus;Haemagogus;janthinomys;adult;female ;1;22/07/2021;DUCKE;negative 
C686;Haemagogus;Haemagogus;janthinomys;adult;female ;4;22/07/2021;DUCKE;negative 
C687;Haemagogus;Haemagogus;janthinomys;adult;female ;1;22/07/2021;DUCKE;negative 
C689;Haemagogus;Haemagogus;janthinomys;adult;female ;3;22/07/2021;DUCKE;negative 
C692;Haemagogus;Haemagogus;janthinomys;adult;female ;2;22/07/2021;DUCKE;negative 
C695;Haemagogus;Haemagogus;janthinomys;adult;female ;4;22/07/2021;DUCKE;negative 
C700;Haemagogus;Haemagogus;janthinomys;adult;female ;1;27/07/2021;DUCKE;negative 
C701;Haemagogus;Haemagogus;janthinomys;adult;female ;1;27/07/2021;DUCKE;negative 
C703;Haemagogus;Haemagogus;janthinomys;adult;female ;2;27/07/2021;DUCKE;negative 
C706;Haemagogus;Haemagogus;janthinomys;adult;female ;4;27/07/2021;DUCKE;negative 
C707;Haemagogus;Haemagogus;janthinomys;adult;female ;1;27/07/2021;DUCKE;negative 
C708;Haemagogus;Haemagogus;janthinomys;adult;female ;1;27/07/2021;DUCKE;negative 
C711;Haemagogus;Haemagogus;janthinomys;adult;female ;1;27/07/2021;DUCKE;negative 
C718;Haemagogus;Haemagogus;baresi;adult;female ;1;29/07/2021;DUCKE;negative 
C720;Haemagogus;Haemagogus;janthinomys;adult;female ;4;29/07/2021;DUCKE;negative 
C723;Haemagogus;Haemagogus;janthinomys;adult;female ;1;29/07/2021;DUCKE;negative 
C724;Haemagogus;Conopostegus;leucocelaenus;adult;female ;2;29/07/2021;DUCKE;negative 
C728;Haemagogus;Haemagogus;janthinomys;adult;female ;1;29/07/2021;DUCKE;negative 
C731;Haemagogus;Haemagogus;janthinomys;adult;female ;1;30/07/2021;DUCKE;negative 
C743;Haemagogus;Haemagogus;janthinomys;adult;female ;1;10/08/2021;DUCKE;negative 
C744;Haemagogus;Haemagogus;janthinomys;adult;female ;1;10/08/2021;DUCKE;negative 
C745;Haemagogus;Haemagogus;janthinomys;adult;female ;1;10/08/2021;DUCKE;negative 
C747;Haemagogus;Conopostegus;leucocelaenus;adult;female ;1;10/08/2021;DUCKE;negative 
C750;Haemagogus;Haemagogus;janthinomys;adult;female ;1;10/08/2021;DUCKE;negative 
C758;Haemagogus;Haemagogus;janthinomys;adult;female ;1;10/08/2021;DUCKE;negative 
C803;Haemagogus;Haemagogus;janthinomys;adult;female ;1;26/08/2021;DUCKE;negative 
C805;Haemagogus;Haemagogus;janthinomys;adult;female ;1;26/08/2021;DUCKE;negative 
C834;Haemagogus;Haemagogus;baresi;adult;female ;1;01/09/2021;DUCKE;negative 
C847;Haemagogus;Conopostegus;leucocelaenus;adult;female ;1;01/09/2021;DUCKE;negative 
C861;Haemagogus;Haemagogus;janthinomys;adult;female ;1;08/09/2021;DUCKE;negative 
C862;Haemagogus;Haemagogus;janthinomys;adult;female ;2;08/09/2021;DUCKE;negative 
C908;Haemagogus;Haemagogus;janthinomys;adult;female ;1;14/09/2021;DUCKE;negative 
C910;Haemagogus;Haemagogus;janthinomys;adult;female ;1;14/09/2021;DUCKE;negative 
C911;Haemagogus;Haemagogus;janthinomys;adult;female ;1;14/09/2021;DUCKE;negative 
C924;Haemagogus;Haemagogus;janthinomys;adult;female ;1;15/09/2021;DUCKE;negative 
C927;Haemagogus;Haemagogus;janthinomys;adult;female ;1;15/09/2021;DUCKE;negative 
C929;Haemagogus;Haemagogus;janthinomys;adult;female ;2;15/09/2021;DUCKE;negative 
C942;Haemagogus;Haemagogus;janthinomys;adult;female ;1;30/09/2021;DUCKE;negative 
C945;Haemagogus;Haemagogus;janthinomys;adult;female ;1;30/09/2021;DUCKE;negative 
C946;Haemagogus;Haemagogus;sp.;adult;female ;1;30/09/2021;DUCKE;negative 
C951;Haemagogus;Haemagogus;janthinomys;adult;female ;1;30/09/2021;DUCKE;negative 
C955;Haemagogus;Haemagogus;janthinomys;adult;female ;4;30/09/2021;DUCKE;negative 
C975;Haemagogus;Haemagogus;janthinomys;adult;female ;2;30/09/2021;DUCKE;negative 
C980;Haemagogus;Conopostegus;leucocelaenus;adult;female ;1;06/10/2021;DUCKE;negative 
C986;Haemagogus;Haemagogus;janthinomys;adult;female ;3;06/10/2021;DUCKE;negative 
C1024;Haemagogus;Haemagogus;janthinomys;adult;female ;1;08/10/2021;DUCKE;negative 
C1028;Haemagogus;Haemagogus;janthinomys;adult;female ;3;13/10/2021;DUCKE;negative 
C1034;Haemagogus;Conopostegus;leucocelaenus;adult;female ;1;13/10/2021;DUCKE;negative 
C1038;Haemagogus;Haemagogus;janthinomys;adult;female ;1;13/10/2021;DUCKE;negative 
C1062;Haemagogus;Haemagogus;janthinomys;adult;female ;1;15/10/2021;DUCKE;negative 
C1063;Haemagogus;Haemagogus;janthinomys;adult;female ;1;15/10/2021;DUCKE;negative 
C1066;Haemagogus;Conopostegus;leucocelaenus;adult;female ;1;15/10/2021;DUCKE;negative 
C1078;Haemagogus;Haemagogus;janthinomys;adult;female ;1;19/10/2021;DUCKE;negative 
C1082;Haemagogus;Haemagogus;janthinomys;adult;female ;4;20/10/2021;DUCKE;negative 
C1084;Haemagogus;Haemagogus;janthinomys;adult;female ;1;20/10/2021;DUCKE;negative 
C1092;Haemagogus;Haemagogus;janthinomys;adult;female ;1;20/10/2021;DUCKE;negative 
C1103;Haemagogus;Haemagogus;janthinomys;adult;female ;1;21/10/2021;DUCKE;negative 
C1113;Haemagogus;Haemagogus;janthinomys;adult;female ;3;22/10/2021;DUCKE;negative 
C1125;Haemagogus;Haemagogus;baresi;adult;female ;1;25/10/2021;DUCKE;negative 
C1147;Haemagogus;Haemagogus;janthinomys;adult;female ;1;03/11/2021;DUCKE;negative 
C1151;Haemagogus;Haemagogus;janthinomys;adult;female ;1;03/11/2021;DUCKE;negative 
C1178;Haemagogus;Haemagogus;janthinomys;adult;female ;1;04/11/2021;DUCKE;negative 
C1187;Haemagogus;Haemagogus;janthinomys;adult;female ;1;04/11/2021;DUCKE;negative 
C1204;Haemagogus;Conopostegus;leucocelaenus;adult;female ;1;05/11/2021;DUCKE;negative 
C1208;Haemagogus;Conopostegus;leucocelaenus;adult;female ;1;05/11/2021;DUCKE;negative 
C1209;Haemagogus;Conopostegus;leucocelaenus;adult;female ;1;05/11/2021;DUCKE;negative 
C1257;Haemagogus;Haemagogus;janthinomys;adult;female ;1;09/11/2021;DUCKE;negative 
C1258;Haemagogus;Conopostegus;leucocelaenus;adult;female ;1;09/11/2021;DUCKE;negative 
C1272;Haemagogus;Haemagogus;janthinomys;adult;female ;6;09/11/2021;DUCKE;negative 
C1289;Haemagogus;Haemagogus;janthinomys;adult;female ;1;11/11/2021;DUCKE;negative 
C1297;Haemagogus;Haemagogus;janthinomys;adult;female ;2;11/11/2021;DUCKE;negative 
C1313;Haemagogus;Haemagogus;janthinomys;adult;female ;1;17/11/2021;DUCKE;negative 
C1317;Haemagogus;Haemagogus;janthinomys;adult;female ;1;17/11/2021;DUCKE;negative 
C1368;Haemagogus;Haemagogus;janthinomys;adult;female ;1;24/11/2021;DUCKE;negative 
C1376;Haemagogus;Haemagogus;janthinomys;adult;female ;3;24/11/2021;DUCKE;negative 
C1388;Haemagogus;Conopostegus;leucocelaenus;adult;female ;1;30/11/2021;DUCKE;negative 
C1390;Haemagogus;Conopostegus;leucocelaenus;adult;female ;1;30/11/2021;DUCKE;negative 
C1437;Haemagogus;Haemagogus;janthinomys;adult;female ;6;01/12/2021;DUCKE;negative 
C1448;Haemagogus;Haemagogus;baresi;adult;female ;1;01/12/2021;DUCKE;negative 
C1454;Haemagogus;Haemagogus;janthinomys;adult;female ;1;01/12/2021;DUCKE;negative 
C1458;Haemagogus;Haemagogus;janthinomys;adult;female ;2;01/12/2021;DUCKE;negative 
C1464;Haemagogus;Conopostegus;leucocelaenus;adult;female ;1;02/12/2021;DUCKE;negative 
C1479;Haemagogus;Haemagogus;janthinomys;adult;female ;1;02/12/2021;DUCKE;negative 
C1494;Haemagogus;Haemagogus;janthinomys;adult;female ;1;07/12/2021;DUCKE;negative 
C1498;Haemagogus;Haemagogus;janthinomys;adult;female ;8;07/12/2021;DUCKE;negative 
C1512;Haemagogus;Haemagogus;janthinomys;adult;female ;1;07/12/2021;DUCKE;negative 
C1528;Haemagogus;Conopostegus;leucocelaenus;adult;female ;1;09/12/2021;DUCKE;negative 
C1556;Haemagogus;Haemagogus;janthinomys;adult;female ;1;15/12/2021;DUCKE;negative 
C1565;Haemagogus;Haemagogus;janthinomys;adult;female ;1;16/12/2021;DUCKE;negative 
C1582;Haemagogus;Haemagogus;janthinomys;adult;female ;1;04/01/2022;DUCKE;negative 
C1600;Haemagogus;Haemagogus;janthinomys;adult;female ;2;06/01/2022;DUCKE;negative 
C1609;Haemagogus;Conopostegus;leucocelaenus;adult;female ;1;06/01/2022;DUCKE;negative 
C1619;Haemagogus;Conopostegus;leucocelaenus;adult;female ;1;06/01/2022;DUCKE;negative 
C1630;Haemagogus;Haemagogus;janthinomys;adult;female ;3;11/01/2022;DUCKE;negative 
C1637;Haemagogus;Conopostegus;leucocelaenus;adult;female ;1;11/01/2022;DUCKE;negative 
C1644;Haemagogus;Haemagogus;baresi;adult;female ;1;11/01/2022;DUCKE;negative 
C1676;Haemagogus;Haemagogus;baresi;adult;female ;5;12/01/2022;DUCKE;negative 
C1693;Haemagogus;Haemagogus;janthinomys;adult;female ;2;12/01/2022;DUCKE;negative 
C1719;Haemagogus;Haemagogus;baresi;adult;female ;1;13/01/2022;DUCKE;negative 
C1726;Haemagogus;Haemagogus;baresi;adult;female ;1;13/01/2022;DUCKE;negative 
C1741;Haemagogus;Haemagogus;janthinomys;adult;female ;1;13/01/2022;DUCKE;negative 
C1788;Haemagogus;Haemagogus;janthinomys;adult;female ;1;19/01/2022;DUCKE;negative 
C1807;Haemagogus;Haemagogus;janthinomys;adult;female ;1;19/01/2022;DUCKE;negative 
C1836;Haemagogus;Haemagogus;baresi;adult;female ;1;25/01/2022;DUCKE;negative 
C1864;Haemagogus;Conopostegus;leucocelaenus;adult;female ;1;26/01/2022;DUCKE;negative 
C1908;Haemagogus;Haemagogus;janthinomys;adult;female ;1;01/02/2022;DUCKE;negative 
C1914;Haemagogus;Haemagogus;janthinomys;adult;female ;1;01/02/2022;DUCKE;negative 
C1921;Haemagogus;Haemagogus;janthinomys;adult;female ;1;01/02/2022;DUCKE;negative 
C1947;Haemagogus;Haemagogus;janthinomys;adult;female ;6;08/02/2022;DUCKE;negative 
C1950;Haemagogus;Haemagogus;baresi;adult;female ;1;08/02/2022;DUCKE;negative 
C1958;Haemagogus;Haemagogus;baresi;adult;female ;1;08/02/2022;DUCKE;negative 
C1960;Haemagogus;Haemagogus;janthinomys;adult;female ;2;08/02/2022;DUCKE;negative 
C1966;Haemagogus;Haemagogus;janthinomys;adult;female ;4;08/02/2022;DUCKE;negative 
C1977;Haemagogus;Haemagogus;janthinomys;adult;female ;4;08/02/2022;DUCKE;negative 
C1992;Haemagogus;Haemagogus;janthinomys;adult;female ;1;10/02/2022;DUCKE;negative 
C1998;Haemagogus;Haemagogus;janthinomys;adult;female ;1;10/02/2022;DUCKE;negative 
C2024;Haemagogus;Haemagogus;janthinomys;adult;female ;4;16/02/2022;DUCKE;negative 
C2029;Haemagogus;Haemagogus;janthinomys;adult;female ;1;16/02/2022;DUCKE;negative 
C2040;Haemagogus;Haemagogus;janthinomys;adult;female ;2;16/02/2022;DUCKE;negative 
C2062;Haemagogus;Haemagogus;janthinomys;adult;female ;3;22/02/2022;DUCKE;negative 
C2086;Haemagogus;Haemagogus;janthinomys;adult;female ;1;23/02/2022;DUCKE;negative 
C2223;Haemagogus;Haemagogus;janthinomys;adult;female ;1;08/03/2022;DUCKE;negative 
C2273;Haemagogus;Haemagogus;baresi;adult;female ;1;10/03/2022;DUCKE;negative 
C2281;Haemagogus;Haemagogus;janthinomys;adult;female ;3;10/03/2022;DUCKE;negative 
C2288;Haemagogus;Haemagogus;janthinomys;adult;female ;5;10/03/2022;DUCKE;negative 
C2342;Haemagogus;Haemagogus;janthinomys;adult;female ;1;16/03/2022;DUCKE;negative 
C2348;Haemagogus;Haemagogus;janthinomys;adult;female ;1;16/03/2022;DUCKE;negative 
C2357;Haemagogus;Haemagogus;janthinomys;adult;female ;1;16/03/2022;DUCKE;negative 
C2372;Haemagogus;Haemagogus;janthinomys;adult;female ;1;16/03/2022;DUCKE;negative 
C2393;Haemagogus;Haemagogus;janthinomys;adult;female ;1;17/03/2022;DUCKE;negative 
C2402;Haemagogus;Conopostegus;leucocelaenus;adult;female ;1;17/03/2022;DUCKE;negative 
C2409;Haemagogus;Haemagogus;janthinomys;adult;female ;1;17/03/2022;DUCKE;negative 
C2431;Haemagogus;Haemagogus;janthinomys;adult;female ;1;23/03/2022;DUCKE;negative 
C2446;Haemagogus;Haemagogus;janthinomys;adult;female ;4;23/03/2022;DUCKE;negative 
C2462;Haemagogus;Haemagogus;baresi;adult;female ;1;23/03/2022;DUCKE;negative 
C2473;Haemagogus;Haemagogus;janthinomys;adult;female ;1;23/03/2022;DUCKE;negative 
C2526;Haemagogus;Haemagogus;janthinomys;adult;female ;1;30/03/2022;DUCKE;negative 
C2618;Haemagogus;Conopostegus;leucocelaenus;adult;female ;1;07/04/2022;DUCKE;negative 
C2628;Haemagogus;Haemagogus;janthinomys;adult;female ;1;07/04/2022;DUCKE;negative 
C2645;Haemagogus;Conopostegus;leucocelaenus;adult;female ;1;07/04/2022;DUCKE;negative 
C2662;Haemagogus;Haemagogus;janthinomys;adult;female ;1;11/04/2022;DUCKE;negative 
C2674;Haemagogus;Haemagogus;baresi;adult;female ;2;11/04/2022;DUCKE;negative 
C2683;Haemagogus;Haemagogus;janthinomys;adult;female ;2;11/04/2022;DUCKE;negative 
C2693;Haemagogus;Haemagogus;janthinomys;adult;female ;5;12/04/2022;DUCKE;negative 
C2697;Haemagogus;Haemagogus;janthinomys;adult;female ;1;12/04/2022;DUCKE;negative 
C2703;Haemagogus;Haemagogus;janthinomys;adult;female ;1;12/04/2022;DUCKE;negative 
C2728;Haemagogus;Haemagogus;janthinomys;adult;female ;1;12/04/2022;DUCKE;negative 
C2761;Haemagogus;Haemagogus;janthinomys;adult;female ;3;18/04/2022;DUCKE;negative 
C2769;Haemagogus;Haemagogus;janthinomys;adult;female ;2;18/04/2022;DUCKE;negative 
C2781;Haemagogus;Haemagogus;janthinomys;adult;female ;1;18/04/2022;DUCKE;negative 
C2791;Haemagogus;Haemagogus;janthinomys;adult;female ;1;18/04/2022;DUCKE;negative 
C2831;Haemagogus;Haemagogus;janthinomys;adult;female ;1;20/04/2022;DUCKE;negative 
C2897;Haemagogus;Haemagogus;baresi;adult;female ;2;28/04/2022;DUCKE;negative 
C2959;Haemagogus;Conopostegus;leucocelaenus;adult;female ;1;04/05/2022;DUCKE;negative 
C2979;Haemagogus;Haemagogus;janthinomys;adult;female ;1;04/05/2022;DUCKE;negative 
C2985;Haemagogus;Conopostegus;leucocelaenus;adult;female ;1;04/05/2022;DUCKE;negative 
C2993;Haemagogus;Haemagogus;janthinomys;adult;female ;1;04/05/2022;DUCKE;negative 
C3022;Haemagogus;Haemagogus;baresi;adult;female ;1;05/05/2022;DUCKE;negative 
C3071;Haemagogus;Haemagogus;janthinomys;adult;female ;10;12/05/2022;DUCKE;negative 
C3075;Haemagogus;Haemagogus;janthinomys;adult;female ;2;12/05/2022;DUCKE;negative 
C3082;Haemagogus;Haemagogus;janthinomys;adult;female ;7;12/05/2022;DUCKE;negative 
C3086;Haemagogus;Haemagogus;janthinomys;adult;female ;3;12/05/2022;DUCKE;negative 
C3092;Haemagogus;Haemagogus;janthinomys;adult;female ;3;12/05/2022;DUCKE;negative 
C3101;Haemagogus;Haemagogus;janthinomys;adult;female ;5;12/05/2022;DUCKE;negative 
C3108;Haemagogus;Haemagogus;janthinomys;adult;female ;5;12/05/2022;DUCKE;negative 
C3110;Haemagogus;Haemagogus;sp.;adult;female ;1;12/05/2022;DUCKE;negative 
C3115;Haemagogus;Haemagogus;janthinomys;adult;female ;3;12/05/2022;DUCKE;negative 
C3119;Haemagogus;Haemagogus;janthinomys;adult;female ;1;12/05/2022;DUCKE;negative 
C3131;Haemagogus;Haemagogus;janthinomys;adult;female ;2;12/05/2022;DUCKE;negative 
C3174;Haemagogus;Haemagogus;janthinomys;adult;female ;1;17/05/2022;DUCKE;negative 
C3265;Haemagogus;Haemagogus;janthinomys;adult;female ;1;24/05/2022;DUCKE;negative 
C3277;Haemagogus;Conopostegus;leucocelaenus;adult;female ;2;24/05/2022;DUCKE;negative 
C3299;Haemagogus;Haemagogus;janthinomys;adult;female ;1;25/05/2022;DUCKE;negative 
C3307;Haemagogus;Haemagogus;janthinomys;adult;female ;3;25/05/2022;DUCKE;negative 
C3312;Haemagogus;Haemagogus;janthinomys;adult;female ;1;25/05/2022;DUCKE;negative 
C3325;Haemagogus;Haemagogus;janthinomys;adult;female ;1;25/05/2022;DUCKE;negative 
C3340;Haemagogus;Haemagogus;janthinomys;adult;female ;1;26/05/2022;DUCKE;negative 
C3350;Haemagogus;Conopostegus;leucocelaenus;adult;female ;1;26/05/2022;DUCKE;negative 
C3354;Haemagogus;Haemagogus;baresi;adult;female ;1;26/05/2022;DUCKE;positive 
C3357;Haemagogus;Haemagogus;janthinomys;adult;female ;1;26/05/2022;DUCKE;negative 
C3376;Haemagogus;Haemagogus;janthinomys;adult;female ;1;26/05/2022;DUCKE;negative 
C3391;Haemagogus;Haemagogus;janthinomys;adult;female ;1;31/05/2022;DUCKE;negative 
C3466;Haemagogus;Haemagogus;janthinomys;adult;female ;1;13/06/2022;DUCKE;negative 
C3478;Haemagogus;Haemagogus;janthinomys;adult;female ;1;14/06/2022;DUCKE;negative 
C3487;Haemagogus;Haemagogus;baresi ;adult;female ;1;14/06/2022;DUCKE;negative 
C3518;Haemagogus;Haemagogus;janthinomys;adult;female ;1;15/06/2022;DUCKE;negative 
C3534;Haemagogus;Haemagogus;janthinomys;adult;female ;1;15/06/2022;DUCKE;positive 
C3551;Haemagogus;Haemagogus;janthinomys;adult;female ;1;15/06/2022;DUCKE;positive 
C3583;Haemagogus;Haemagogus;janthinomys;adult;female ;1;21/06/2022;DUCKE;negative 
C3599;Haemagogus;Haemagogus;janthinomys;adult;female ;1;21/06/2022;DUCKE;negative 
C3612;Haemagogus;Haemagogus;janthinomys;adult;female ;1;22/06/2022;DUCKE;negative 
C3615;Haemagogus;Haemagogus;janthinomys;adult;female ;2;22/06/2022;DUCKE;negative 
C3616;Haemagogus;Haemagogus;janthinomys;adult;female ;1;22/06/2022;DUCKE;negative 
C3636;Haemagogus;Haemagogus;janthinomys;adult;female ;1;23/06/2022;DUCKE;negative 
C3645;Haemagogus;Haemagogus;janthinomys;adult;female ;1;23/06/2022;DUCKE;negative 
C3674;Haemagogus;Haemagogus;janthinomys;adult;female ;2;30/06/2022;DUCKE;negative 
C3679;Haemagogus;Haemagogus;janthinomys;adult;female ;1;30/06/2022;DUCKE;negative 
C3684;Haemagogus;Haemagogus;janthinomys;adult;female ;1;30/06/2022;DUCKE;negative 
