GenBank acession;country;year;source
OP508690.1;Brazil;2021;Alouatta sp
OP508660.1;Brazil;2021;Alouatta sp
OP508668.1;Brazil;2021;Alouatta sp
MZ712144.1;Brazil;2021;Alouatta guariba clamitans
OP508691.1;Brazil;2021;Alouatta sp
MZ712134.1;Brazil;2021;Alouatta guariba clamitans
MZ712133.1;Brazil;2021;Alouatta guariba clamitans
MZ712143.1;Brazil;2021;Alouatta guariba clamitans
MZ712140.1;Brazil;2021;Alouatta guariba clamitans
MZ712132.1;Brazil;2021;Alouatta guariba clamitans
MZ712127.1;Brazil;2021;Alouatta guariba clamitans
MZ712146.1;Brazil;2021;Alouatta guariba clamitans
OP508655.1;Brazil;2021;Alouatta sp
OP508659.1;Brazil;2021;Alouatta sp
OP508672.1;Brazil;2021;Alouatta sp
OP508657.1;Brazil;2021;NA
MZ712130.1;Brazil;2021;Alouatta guariba clamitans
MZ712128.1;Brazil;2021;Alouatta guariba clamitans
MZ712129.1;Brazil;2021;Alouatta guariba clamitans
MZ712138.1;Brazil;2021;Alouatta guariba clamitans
MZ712131.1;Brazil;2021;Alouatta guariba clamitans
OP508709.1;Brazil;2021;Alouatta guariba clamitans
OP508697.1;Brazil;2021;Alouatta sp
OP508682.1;Brazil;2019;Alouatta sp
OP508699.1;Brazil;2021;Alouatta sp
OP508693.1;Brazil;2021;Alouatta sp
OP508683.1;Brazil;2021;Alouatta sp
OP508689.1;Brazil;2021;Alouatta sp
OP508679.1;Brazil;2021;Alouatta sp
MZ712147.1;Brazil;2021;Alouatta sp
MZ712148.1;Brazil;2021;Alouatta guariba clamitans
MZ712137.1;Brazil;2021;Alouatta guariba clamitans
MZ712149.1;Brazil;2021;Alouatta guariba clamitans
OP508685.1;Brazil;2021;Alouatta sp
OP508704.1;Brazil;2021;Alouatta sp
OP508686.1;Brazil;2021;Alouatta sp
OP508680.1;Brazil;2021;Alouatta sp
OP508702.1;Brazil;2021;Alouatta sp
OP508695.1;Brazil;2021;Alouatta sp
OP508677.1;Brazil;2021;Alouatta sp
OP508674.1;Brazil;2021;Alouatta sp
OP508700.1;Brazil;2020;Alouatta sp
OP508692.1;Brazil;2021;Alouatta sp
OP508678.1;Brazil;2021;Alouatta sp
OP508684.1;Brazil;2021;Alouatta sp
OP508705.1;Brazil;2021;Alouatta sp
OP508713.1;Brazil;2021;Alouatta sp
OP508646.1;Brazil;2020;Alouatta sp
OP508698.1;Brazil;2021;Alouatta sp
MZ712139.1;Brazil;2021;Alouatta guariba clamitans
OP508648.1;Brazil;2020;Alouatta sp
OP508638.1;Brazil;2020;Alouatta sp
OP508606.1;Brazil;2020;Alouatta sp
OP508619.1;Brazil;2020;Alouatta sp
OP508645.1;Brazil;2020;Alouatta sp
OP508636.1;Brazil;2020;Alouatta sp
OP508701.1;Brazil;2021;Alouatta sp
OP508707.1;Brazil;2021;Alouatta sp
OP508676.1;Brazil;2019;Alouatta sp
OP508710.1;Brazil;2021;Alouatta sp
OP508670.1;Brazil;2021;Alouatta sp
OP508669.1;Brazil;2021;Alouatta sp
OP508664.1;Brazil;2021;Alouatta sp
OP508603.1;Brazil;2019;Alouatta sp
OP508599.1;Brazil;2019;Alouatta sp
OP508628.1;Brazil;2020;Alouatta sp
OP508662.1;Brazil;2021;Alouatta sp
OP508623.1;Brazil;2020;Alouatta sp
OP508637.1;Brazil;2020;Alouatta guariba clamitans
OP508635.1;Brazil;2020;Alouatta sp
OP508632.1;Brazil;2020;Alouatta sp
OP508612.1;Brazil;2020;Alouatta sp
OP508620.1;Brazil;2020;Alouatta sp
OP508626.1;Brazil;2020;Alouatta sp
OP508610.1;Brazil;2020;Alouatta sp
OP508663.1;Brazil;2021;Alouatta sp
OP508642.1;Brazil;2020;Alouatta sp
OP508618.1;Brazil;2020;Alouatta sp
OP508614.1;Brazil;2019;Alouatta sp
OP508607.1;Brazil;2020;Alouatta sp
OP508696.1;Brazil;2020;Alouatta sp
MZ712136.1;Brazil;2021;Alouatta guariba clamitans
MZ712135.1;Brazil;2021;Alouatta guariba clamitans
OP508665.1;Brazil;2021;Alouatta sp
MZ712142.1;Brazil;2021;Alouatta guariba clamitans
OP508643.1;Brazil;2020;Alouatta sp
MZ712141.1;Brazil;2021;Alouatta guariba clamitans
OP508681.1;Brazil;2020;Alouatta sp
OP508600.1;Brazil;2019;Alouatta sp
OP508617.1;Brazil;2020;Alouatta sp
OP508631.1;Brazil;2020;Non-human primate (NHP)
OP508621.1;Brazil;2020;Alouatta sp
OP508687.1;Brazil;2021;Alouatta sp
OP508587.1;Brazil;2019;Homo sapiens
OP508630.1;Brazil;2020;Alouatta sp
OP508608.1;Brazil;2020;Alouatta sp
OP508602.1;Brazil;2019;Alouatta sp
ON022559.1;Brazil;2019;Homo sapiens
MZ604869.1;Brazil;2019;Homo sapiens
MZ604841.1;Brazil;2019;Homo sapiens
OP508716.1;Brazil;2021;Alouatta sp
OP508666.1;Brazil;2021;Alouatta sp
OP508658.1;Brazil;2021;Alouatta sp
OP508653.1;Brazil;2021;Alouatta sp
OP508652.1;Brazil;2021;Alouatta sp
OP508650.1;Brazil;2021;Alouatta sp
OP508654.1;Brazil;2021;Alouatta sp
OP508711.1;Brazil;2021;Alouatta sp
MZ712145.1;Brazil;2021;Alouatta guariba clamitans
OP508647.1;Brazil;2020;Alouatta sp
OP508714.1;Brazil;2021;Alouatta sp
OP508712.1;Brazil;2021;Alouatta sp
OP508649.1;Brazil;2020;Alouatta sp
OP508651.1;Brazil;2020;Alouatta sp
OP508656.1;Brazil;2021;Alouatta sp
OP508708.1;Brazil;2021;Alouatta sp
OP508667.1;Brazil;2021;Alouatta sp
OP508627.1;Brazil;2020;Alouatta sp
OP508624.1;Brazil;2020;Alouatta sp
OP508625.1;Brazil;2020;Alouatta sp
OP508609.1;Brazil;2020;Alouatta sp
OP508640.1;Brazil;2020;Alouatta sp
OP508706.1;Brazil;2020;Allouatta clamitans
OP508615.1;Brazil;2020;Alouatta guariba clamitans
OP508703.1;Brazil;2021;Alouatta sp
OP508616.1;Brazil;2020;Alouatta guariba clamitans
MZ604839.1;Brazil;2019;Homo sapiens
MZ604846.1;Brazil;2019;Homo sapiens
ON022549.1;Brazil;2019;Homo sapiens
MZ604853.1;Brazil;2019;Homo sapiens
OP508591.1;Brazil;2019;Homo sapiens
OP508594.1;Brazil;2019;Alouatta sp
OP508598.1;Brazil;2019;Alouatta sp
OP508595.1;Brazil;2019;Alouatta sp
OP508596.1;Brazil;2019;Alouatta sp
OP508675.1;Brazil;2019;Hg janthinomys/capricornii
OP508593.1;Brazil;2019;Alouatta sp
OP508688.1;Brazil;2019;Alouatta sp
MZ604871.1;Brazil;2019;Homo sapiens
MZ604857.1;Brazil;2019;Homo sapiens
ON022548.1;Brazil;2019;Homo sapiens
ON022369.1;Brazil;2019;Non-human primate
ON022658.1;Brazil;2018;Alouatta sp
ON022562.1;Brazil;2019;Homo sapiens
OP508597.1;Brazil;2019;Alouatta sp
OP508592.1;Brazil;2019;Alouatta sp
ON022561.1;Brazil;2019;Homo sapiens
ON022558.1;Brazil;2019;Homo sapiens
ON022555.1;Brazil;2019;Homo sapiens
ON022546.1;Brazil;2019;Homo sapiens
ON022552.1;Brazil;2019;Homo sapiens
MZ604847.1;Brazil;2019;Homo sapiens
MZ604863.1;Brazil;2019;Homo sapiens
MZ604875.1;Brazil;2019;Homo sapiens
MZ604838.1;Brazil;2019;Homo sapiens
MZ604843.1;Brazil;2019;Homo sapiens
MZ604844.1;Brazil;2019;Homo sapiens
MW308135.1;Brazil;2019;Homo sapiens
ON022319.1;Brazil;2019;Homo sapiens
MZ604864.1;Brazil;2019;Homo sapiens
MZ604854.1;Brazil;2019;Homo sapiens
ON022306.1;Brazil;2018;Alouatta sp
MH030059.1;Brazil;2017;Alouatta sp
ON022308.1;Brazil;2018;Alouatta sp
ON022583.1;Brazil;2018;Alouatta sp
ON022595.1;Brazil;2018;Alouatta sp
ON022307.1;Brazil;2018;Homo sapiens
ON022309.1;Brazil;2018;Alouatta sp
MW308134.1;Brazil;2018;Homo sapiens
MZ604850.1;Brazil;2019;Homo sapiens
MZ604858.1;Brazil;2019;Homo sapiens
MZ604860.1;Brazil;2019;Homo sapiens
MZ604867.1;Brazil;2019;Homo sapiens
MZ604849.1;Brazil;2019;Homo sapiens
MZ604851.1;Brazil;2019;Homo sapiens
MZ604852.1;Brazil;2019;Homo sapiens
MZ604874.1;Brazil;2019;Homo sapiens
MZ604848.1;Brazil;2019;Homo sapiens
MZ604855.1;Brazil;2019;Homo sapiens
ON022295.1;Brazil;2018;Haemagogus leucocelaenus
MK583151.1;Brazil;2018;Homo sapiens
MK333798.1;Brazil;2018;Homo sapiens
MH193173.1;Brazil;2018;Alouatta sp
ON022567.1;Brazil;2017;Alouatta sp
MH030063.1;Brazil;2017;Alouatta sp
MH030065.1;Brazil;2017;Alouatta sp
ON022352.1;Brazil;2018;Alouatta sp
MH030061.1;Brazil;2017;Alouatta sp
MH030060.1;Brazil;2017;Alouatta sp
MH030062.1;Brazil;2017;Alouatta sp
ON022337.1;Brazil;2018;Alouatta sp
MH030064.1;Brazil;2017;Alouatta sp
ON022330.1;Brazil;2018;Alouatta sp
MH030050.1;Brazil;2017;Callicebus sp
MK583147.1;Brazil;2018;Homo sapiens
MK583155.1;Brazil;2018;Homo sapiens
MZ604845.1;Brazil;2018;Homo sapiens
ON022743.1;Brazil;2018;Homo sapiens
ON022745.1;Brazil;2018;Homo sapiens
ON022645.1;Brazil;2017;Cebus
ON022644.1;Brazil;2017;Callithrix
ON022628.1;Brazil;2017;Alouatta sp
ON022631.1;Brazil;2017;Alouatta sp
ON022636.1;Brazil;2017;Callicebus
ON022634.1;Brazil;2017;Alouatta sp
ON022642.1;Brazil;2017;Alouatta sp
MH030051.1;Brazil;2017;Alouatta sp
ON022356.1;Brazil;2017;Alouatta sp
ON022353.1;Brazil;2017;Alouatta sp
ON022360.1;Brazil;2018;Alouatta sp
ON022359.1;Brazil;2017;Alouatta sp
ON022354.1;Brazil;2017;Alouatta sp
ON022355.1;Brazil;2017;Alouatta sp
MZ604872.1;Brazil;2018;Homo sapiens
MZ604859.1;Brazil;2018;Homo sapiens
MK583166.1;Brazil;2018;Homo sapiens
MK333799.1;Brazil;2018;Homo sapiens
ON022342.1;Brazil;2018;Callithrix
MK583163.1;Brazil;2018;Homo sapiens
MH030049.1;Brazil;2017;Callithrix
ON022714.1;Brazil;2017;Non-human primate
ON022598.1;Brazil;2018;Non-human primate
ON022709.1;Brazil;2017;Non-human primate
ON022659.1;Brazil;2018;Alouatta sp
ON022570.1;Brazil;2017;Non-human primate
ON022706.1;Brazil;2017;Alouatta sp
MH030055.1;Brazil;2017;Alouatta sp
ON022652.1;Brazil;2017;Non-human primate
ON022674.1;Brazil;2018;Alouatta sp
ON022673.1;Brazil;2018;Alouatta sp
ON022347.1;Brazil;2018;Alouatta sp
ON022358.1;Brazil;2018;Alouatta sp
ON022338.1;Brazil;2018;Alouatta sp
ON022329.1;Brazil;2018;Alouatta sp
ON022345.1;Brazil;2018;Alouatta sp
MH030067.1;Brazil;2017;Alouatta sp
MH030056.1;Brazil;2017;Alouatta sp
MZ604870.1;Brazil;2017;Homo sapiens
ON022296.1;Brazil;2018;Alouatta sp
MH030084.1;Brazil;2017;Alouatta sp
MH030073.1;Brazil;2017;Alouatta sp
MH030083.1;Brazil;2017;Alouatta sp
MK583157.1;Brazil;2018;Homo sapiens
MZ604842.1;Brazil;2018;Homo sapiens
MK583148.1;Brazil;2018;Homo sapiens
ON022361.1;Brazil;2018;Alouatta sp
ON022343.1;Brazil;2018;Callithrix
MH030075.1;Brazil;2017;Alouatta sp
MH030052.1;Brazil;2017;Alouatta sp
MK583153.1;Brazil;2018;Homo sapiens
ON022339.1;Brazil;2018;Alouatta sp
ON022344.1;Brazil;2018;Alouatta sp
ON022336.1;Brazil;2018;Alouatta sp
ON022335.1;Brazil;2018;Alouatta sp
ON022331.1;Brazil;2018;Alouatta sp
ON022333.1;Brazil;2018;Alouatta sp
ON022332.1;Brazil;2018;Alouatta sp
ON022334.1;Brazil;2018;Alouatta sp
ON022351.1;Brazil;2018;Alouatta sp
ON022697.1;Brazil;2018;Alouatta sp
MH193175.1;Brazil;2018;Alouatta sp
MH030085.1;Brazil;2017;Alouatta sp
MK760663.1;Netherlands;2018;Homo sapiens
MK760662.1;Netherlands;2018;Homo sapiens
MK760666.1;Netherlands;2018;Homo sapiens
MK760664.1;Netherlands;2018;Homo sapiens
MK760665.1;Netherlands;2018;Homo sapiens
MK760660.1;Netherlands;2018;Homo sapiens
MK760661.1;Netherlands;2018;Homo sapiens
ON022282.1;Brazil;2018;Homo sapiens
MK583158.1;Brazil;2018;Homo sapiens
MK583165.1;Brazil;2018;Homo sapiens
ON022357.1;Brazil;2017;Alouatta sp
MK583149.1;Brazil;2018;Homo sapiens
MH030076.1;Brazil;2017;Alouatta sp
MH030054.1;Brazil;2017;Alouatta sp
MH030069.1;Brazil;2017;Monkey
MK583167.1;Brazil;2018;Homo sapiens
ON022610.1;Brazil;2017;Alouatta sp
ON022632.1;Brazil;2017;Alouatta sp
ON022315.1;Brazil;2018;Homo sapiens
ON022314.1;Brazil;2018;Non-human primate
MH030053.1;Brazil;2017;Alouatta sp
ON022596.1;Brazil;2017;Alouatta sp
ON022556.1;Brazil;2019;Homo sapiens
ON022557.1;Brazil;2019;Homo sapiens
ON022547.1;Brazil;2019;Homo sapiens
ON022545.1;Brazil;2019;Homo sapiens
ON022560.1;Brazil;2019;Homo sapiens
ON022563.1;Brazil;2019;Homo sapiens
ON022550.1;Brazil;2019;Homo sapiens
ON022676.1;Brazil;2019;Non-human primate
ON022551.1;Brazil;2019;Homo sapiens
ON022370.1;Brazil;2019;Non-human primate
ON022367.1;Brazil;2019;Alouatta sp
ON022368.1;Brazil;2019;Non-human primate
ON022324.1;Brazil;2018;Alouatta sp
ON022323.1;Brazil;2018;Alouatta sp
ON022365.1;Brazil;2018;Alouatta sp
ON022362.1;Brazil;2017;Alouatta sp
ON022341.1;Brazil;2018;Alouatta sp
ON022363.1;Brazil;2017;Alouatta sp
ON022364.1;Brazil;2017;Alouatta sp
ON022569.1;Brazil;2018;Non-human primate
ON022326.1;Brazil;2018;Alouatta sp
ON022328.1;Brazil;2018;Alouatta sp
ON022740.1;Brazil;2018;Homo sapiens
ON022327.1;Brazil;2018;Alouatta sp
ON022325.1;Brazil;2018;Alouatta sp
ON022320.1;Brazil;2018;Alouatta sp
ON022602.1;Brazil;2018;Alouatta sp
ON022321.1;Brazil;2017;Alouatta sp
ON022648.1;Brazil;2017;Alouatta sp
ON022737.1;Brazil;2018;Homo sapiens
ON022739.1;Brazil;2018;Homo sapiens
ON022741.1;Brazil;2018;Homo sapiens
ON022664.1;Brazil;2017;Non-human primate
ON022633.1;Brazil;2017;Alouatta sp
ON022715.1;Brazil;2017;Alouatta sp
ON022638.1;Brazil;2017;Callicebus
ON022613.1;Brazil;2017;Alouatta sp
ON022712.1;Brazil;2017;Alouatta sp
ON022620.1;Brazil;2017;Alouatta sp
ON022711.1;Brazil;2017;Alouatta sp
ON022736.1;Brazil;2018;Homo sapiens
ON022607.1;Brazil;2017;Alouatta sp
ON022713.1;Brazil;2017;Callithrix
ON022601.1;Brazil;2017;Alouatta sp
ON022568.1;Brazil;2017;Alouatta sp
ON022663.1;Brazil;2017;Non-human primate
ON022653.1;Brazil;2017;Non-human primate
ON022571.1;Brazil;2017;Non-human primate
ON022667.1;Brazil;2017;Non-human primate
ON022654.1;Brazil;2017;Non-human primate
ON022670.1;Brazil;2018;Non-human primate
ON022649.1;Brazil;2017;Non-human primate
ON022666.1;Brazil;2017;Non-human primate
ON022604.1;Brazil;2017;Alouatta sp
ON022624.1;Brazil;2017;Alouatta sp
ON022627.1;Brazil;2017;Alouatta sp
ON022630.1;Brazil;2017;Alouatta sp
ON022707.1;Brazil;2017;Alouatta sp
ON022655.1;Brazil;2017;Alouatta sp
ON022622.1;Brazil;2017;Alouatta sp
OP508590.1;Brazil;2019;Homo sapiens
ON022647.1;Brazil;2017;Alouatta sp
ON022605.1;Brazil;2017;Alouatta sp
MH030058.1;Brazil;2017;Alouatta sp
MH030068.1;Brazil;2017;Alouatta sp
MH030066.1;Brazil;2017;Alouatta sp
ON022390.1;Brazil;2017;Alouatta caraya
ON022381.1;Brazil;2017;Alouatta caraya
ON022646.1;Brazil;2017;Alouatta sp
ON022621.1;Brazil;2017;Non-human primate
MH030087.1;Brazil;2017;Homo sapiens
ON022685.1;Brazil;2017;Alouatta sp
MZ604865.1;Brazil;2018;Homo sapiens
MZ604856.1;Brazil;2018;Homo sapiens
MK583161.1;Brazil;2018;Homo sapiens
MK583162.1;Brazil;2018;Homo sapiens
MK583175.1;Brazil;2018;Homo sapiens
ON022744.1;Brazil;2018;Homo sapiens
MK583182.1;Brazil;2018;Homo sapiens
MH193174.1;Brazil;2018;Homo sapiens
MH030078.1;Brazil;2017;Alouatta sp
MZ604876.1;Brazil;2018;Homo sapiens
MK583176.1;Brazil;2018;Homo sapiens
ON022586.1;Brazil;2018;Alouatta sp
ON022294.1;Brazil;2018;Haemagogus leucocelaenus
ON022291.1;Brazil;2018;Haemagogus leucocelaenus
ON022293.1;Brazil;2018;Haemagogus leucocelaenus
ON022304.1;Brazil;2018;Haemagogus leucocelaenus
MH030072.1;Brazil;2017;Alouatta sp
ON022588.1;Brazil;2018;Alouatta sp
MK583156.1;Brazil;2018;Homo sapiens
MK583181.1;Brazil;2018;Homo sapiens
ON022284.1;Brazil;2018;Callithrix
MH030088.1;Brazil;2017;Homo sapiens
MK583179.1;Brazil;2018;Homo sapiens
MK583152.1;Brazil;2017;Homo sapiens
MK583178.1;Brazil;2018;Homo sapiens
ON022298.1;Brazil;2018;Homo sapiens
MK583164.1;Brazil;2018;Homo sapiens
MZ604868.1;Brazil;2018;Homo sapiens
ON022592.1;Brazil;2018;Alouatta sp
ON022577.1;Brazil;2018;Alouatta sp
ON022675.1;Brazil;2018;Alouatta sp
ON022626.1;Brazil;2017;Alouatta sp
ON022340.1;Brazil;2018;Alouatta sp
ON022348.1;Brazil;2018;Alouatta sp
ON022318.1;Brazil;2018;Homo sapiens
ON022346.1;Brazil;2018;Alouatta sp
ON022350.1;Brazil;2018;Alouatta sp
MH030089.1;Brazil;2017;Homo sapiens
ON022283.1;Brazil;2018;Callicebus
ON022668.1;Brazil;2018;Non-human primate
ON022292.1;Brazil;2018;Non-human primate
ON022594.1;Brazil;2018;Alouatta sp
ON022637.1;Brazil;2017;Alouatta sp
MK583160.1;Brazil;2018;Homo sapiens
ON022575.1;Brazil;2017;Non-human primate
MK583172.1;Brazil;2018;Homo sapiens
ON022671.1;Brazil;2018;Non-human primate
ON022565.1;Brazil;2018;Non-human primate
ON022657.1;Brazil;2018;Alouatta sp
ON022629.1;Brazil;2017;Alouatta sp
ON022572.1;Brazil;2018;Alouatta sp
ON022650.1;Brazil;2017;Alouatta sp
ON022597.1;Brazil;2018;Non-human primate
ON022635.1;Brazil;2017;Non-human primate
ON022554.1;Brazil;2018;Homo sapiens
ON022672.1;Brazil;2018;Non-human primate
ON022322.1;Brazil;2018;Non-human primate
ON022705.1;Brazil;2017;Alouatta sp
ON022682.1;Brazil;2017;Non-human primate
ON022679.1;Brazil;2017;Non-human primate
ON022680.1;Brazil;2017;Non-human primate
ON022414.1;Brazil;2017;Alouatta caraya
MH018064.1;Brazil;2017;Alouatta sp
ON022540.1;Brazil;2018;Homo sapiens
ON022541.1;Brazil;2018;Homo sapiens
ON022429.1;Brazil;2017;Alouatta caraya
ON022400.1;Brazil;2017;Callithrix penicillata
ON022600.1;Brazil;2016;Alouatta sp
ON022669.1;Brazil;2018;Callicebus
ON022599.1;Brazil;2018;Cebus
ON022689.1;Brazil;2017;Non-human primate
ON022688.1;Brazil;2016;Alouatta sp
MT497521.1;Brazil;2016;Alouatta sp
ON022677.1;Brazil;2017;Sapajus
ON022698.1;Brazil;2016;Alouatta sp
ON022681.1;Brazil;2017;Callicebus
ON022408.1;Brazil;2017;Alouatta caraya
ON022407.1;Brazil;2017;Alouatta guariba clamitans
ON022581.1;Brazil;2017;Alouatta sp
ON022686.1;Brazil;2016;Alouatta sp
MT497522.1;Brazil;2016;Alouatta sp
ON022579.1;Brazil;2017;Alouatta sp
ON022421.1;Brazil;2017;Alouatta caraya
ON022426.1;Brazil;2017;Cebidae
MT497525.1;Brazil;2017;Alouatta sp
ON022703.1;Brazil;2016;Alouatta sp
ON022591.1;Brazil;2018;Alouatta sp
ON022587.1;Brazil;2018;Alouatta sp
ON022289.1;Brazil;2018;Hg janthinomys capricornii
ON022286.1;Brazil;2018;Hg janthinomys capricornii
ON022305.1;Brazil;2018;Hg janthinomys capricornii
MH030086.1;Brazil;2017;Alouatta sp
ON022593.1;Brazil;2018;Non-human primate
ON022312.1;Brazil;2018;Callithrix
ON022584.1;Brazil;2018;Alouatta sp
MK583177.1;Brazil;2018;Homo sapiens
MH030082.1;Brazil;2017;Alouatta sp
MH030081.1;Brazil;2017;Alouatta sp
MH030079.1;Brazil;2017;Alouatta sp
ON022316.1;Brazil;2018;Homo sapiens
ON022619.1;Brazil;2017;Alouatta sp
ON022310.1;Brazil;2018;Homo sapiens
ON022290.1;Brazil;2018;Haemagogus leucocelaenus
ON022580.1;Brazil;2017;Alouatta sp
ON022615.1;Brazil;2017;Alouatta sp
ON022704.1;Brazil;2017;Non-human primate
ON022614.1;Brazil;2017;Alouatta sp
ON022386.1;Brazil;2017;Alouatta caraya
ON022693.1;Brazil;2017;Non-human primate
ON022611.1;Brazil;2017;Non-human primate
ON022573.1;Brazil;2017;Alouatta sp
ON022609.1;Brazil;2017;Alouatta sp
ON022566.1;Brazil;2017;Alouatta sp
ON022618.1;Brazil;2017;Non-human primate
ON022692.1;Brazil;2017;Alouatta sp
ON022690.1;Brazil;2017;Alouatta sp
ON022684.1;Brazil;2017;Sapajus
ON022691.1;Brazil;2017;Non-human primate
ON022616.1;Brazil;2017;Alouatta sp
ON022639.1;Brazil;2017;Callithrix
ON022589.1;Brazil;2018;Alouatta sp
ON022694.1;Brazil;2018;Alouatta sp
ON022623.1;Brazil;2017;Alouatta sp
ON022378.1;Brazil;2017;Cebidae
ON022661.1;Brazil;2018;Non-human primate
ON022710.1;Brazil;2017;Alouatta sp
ON022578.1;Brazil;2017;Alouatta sp
ON022617.1;Brazil;2017;Alouatta sp
ON022590.1;Brazil;2018;Alouatta sp
ON022687.1;Brazil;2017;Alouatta sp
ON022582.1;Brazil;2017;Cebus
MH030077.1;Brazil;2017;Alouatta sp
MH030090.1;Brazil;2017;Homo sapiens
ON022317.1;Brazil;2018;Homo sapiens
ON022612.1;Brazil;2017;Non-human primate
ON022708.1;Brazil;2017;Alouatta sp
ON022738.1;Brazil;2018;Homo sapiens
ON022576.1;Brazil;2017;Alouatta sp
ON022585.1;Brazil;2018;Cebus
MH018066.1;Brazil;2017;Alouatta sp
MH018067.1;Brazil;2017;Cebidae sp
ON022374.1;Brazil;2017;Alouatta sp
MW034590.1;Brazil;2016;Alouatta caraya
ON022303.1;Brazil;2017;Non-human primate
ON022699.1;Brazil;2017;Alouatta sp
ON022696.1;Brazil;2019;Alouatta sp
ON022651.1;Brazil;2017;Alouatta sp
ON022542.1;Brazil;2018;Homo sapiens
ON022656.1;Brazil;2018;Alouatta sp
ON022640.1;Brazil;2017;Alouatta sp
ON022643.1;Brazil;2017;Alouatta sp
ON022683.1;Brazil;2017;Non-human primate
ON022608.1;Brazil;2017;Alouatta sp
ON022662.1;Brazil;2017;Alouatta sp
ON022641.1;Brazil;2017;Alouatta sp
ON022606.1;Brazil;2017;Non-human primate
ON022603.1;Brazil;2018;Alouatta sp
ON022366.1;Brazil;2018;Alouatta sp
ON022665.1;Brazil;2017;Non-human primate
ON022695.1;Brazil;2018;Callithrix
ON022746.1;Brazil;2018;Homo sapiens
MH030070.1;Brazil;2017;Alouatta sp
MH030057.1;Brazil;2017;Alouatta sp
MK583169.1;Brazil;2018;Homo sapiens
MZ604873.1;Brazil;2018;Homo sapiens
MK583180.1;Brazil;2018;Homo sapiens
MK583174.1;Brazil;2018;Homo sapiens
MK583159.1;Brazil;2018;Homo sapiens
MK583171.1;Brazil;2018;Homo sapiens
MK583170.1;Brazil;2018;Homo sapiens
ON022299.1;Brazil;2018;Alouatta sp
MH030071.1;Brazil;2017;Alouatta sp
MK583150.1;Brazil;2018;Homo sapiens
ON022297.1;Brazil;2018;Sapajus
MH030074.1;Brazil;2017;Alouatta sp
MK583173.1;Brazil;2018;Homo sapiens
ON022349.1;Brazil;2018;Cebus
ON022625.1;Brazil;2017;Alouatta sp
MZ604861.1;Brazil;2018;Homo sapiens
MH030080.1;Brazil;2017;Alouatta sp
ON022742.1;Brazil;2018;Homo sapiens
MZ604866.1;Brazil;2018;Homo sapiens
MZ604840.1;Brazil;2018;Homo sapiens
ON022574.1;Brazil;2017;Alouatta sp
ON022701.1;Brazil;2016;Alouatta sp
MN117917.1;Brazil;2017;Ochlerotatus scapularis
ON022702.1;Brazil;2016;Sapajus
ON022301.1;Brazil;2016;mosquito
ON022302.1;Brazil;2016;mosquito
MH666057.1;Brazil;2017;Alouatta sp
MH666060.1;Brazil;2017;Haemagogus janthinomys
MH666059.1;Brazil;2017;Haemagogus leucocelaenus
ON022300.1;Brazil;2017;mosquito
MH018082.1;Brazil;2017;Callithrix sp
MH018065.1;Brazil;2017;Cebidae sp
JF912181.1;Brazil;1983;Homo sapiens
MH484430.1;Brazil;2017;Callithrix sp
MF170971.1;Brazil;2017;New World monkey
MH018115.1;Brazil;2017;Non-human primate
MK333804.1;Brazil;2015;Sapajus libidinosus
MK728873.1;Brazil;2017;Homo sapiens
ON022275.1;Brazil;2018;Homo sapiens
ON022274.1;Brazil;2018;Homo sapiens
ON022238.1;Brazil;2017;Non-human primate
ON022239.1;Brazil;2018;Homo sapiens
ON022276.1;Brazil;2018;Homo sapiens
MK333809.1;Brazil;2018;Haemagogus janthinomys
MK333807.1;Brazil;2018;Haemagogus leucocelaenus
ON502416.1;Brazil;2018;Homo sapiens
MK333806.1;Brazil;2018;Haemagogus janthinomys
ON022242.1;Brazil;2018;Homo sapiens
MN506290.1;Brazil;2018;Haemagogus janthinomys
ON022271.1;Brazil;2018;Homo sapiens
ON022270.1;Brazil;2018;Homo sapiens
MN643077.1;Brazil;2018;Homo sapiens
ON022508.1;Brazil;2018;Homo sapiens
ON022498.1;Brazil;2018;Homo sapiens
ON022729.1;Brazil;2018;Homo sapiens
ON022483.1;Brazil;2018;Homo sapiens
ON022476.1;Brazil;2018;Homo sapiens
ON022492.1;Brazil;2018;Homo sapiens
ON022506.1;Brazil;2018;Homo sapiens
ON022500.1;Brazil;2018;Homo sapiens
ON022448.1;Brazil;2018;Callithrix
ON022420.1;Brazil;2017;Alouatta caraya
ON022424.1;Brazil;2017;Alouatta guariba clamitans
MN643080.1;Brazil;2018;Homo sapiens
MN506265.1;Brazil;2017;Haemagogus janthinomys
ON022240.1;Brazil;2018;Alouatta sp
MN643078.1;Brazil;2018;Homo sapiens
MN604284.1;Brazil;2017;Homo sapiens
ON022471.1;Brazil;2018;Homo sapiens
ON022450.1;Brazil;2018;Callithrix
MK882619.1;Brazil;2018;Homo sapiens
ON022280.1;Brazil;2017;Alouatta sp
MK882604.1;Brazil;2017;Homo sapiens
MN643079.1;Brazil;2018;Homo sapiens
ON022281.1;Brazil;2017;Alouatta sp
MF423377.2;Brazil;2017;Alouatta guariba clamitans
MF538785.2;Brazil;2017;marmoset
MF370548.1;Brazil;2017;Alouatta sp
MF170975.1;Brazil;2017;Homo sapiens
MK882610.1;Brazil;2017; NA
MF423373.2;Brazil;2017;Haemagogus leucocelaenus
MF423378.2;Brazil;2017;Alouatta guariba clamitans
MN506291.1;Brazil;2017;Haemagogus janthinomys
MN506285.1;Brazil;2018;Haemagogus janthinomys
MN506284.1;Brazil;2018;Haemagogus janthinomys
MN506289.1;Brazil;2018;Haemagogus janthinomys
MN506287.1;Brazil;2018;Haemagogus janthinomys
MN506286.1;Brazil;2018;Haemagogus janthinomys
MK882618.1;Brazil;2018;Homo sapiens
MN506288.1;Brazil;2018;Haemagogus janthinomys
ON022439.1;Brazil;2017;Alouatta sp
ON022382.1;Brazil;2017;Alouatta caraya
ON022264.1;Brazil;2017;Callithrix penicillata
ON022513.1;Brazil;2018;Homo sapiens
ON022494.1;Brazil;2018;Homo sapiens
ON022479.1;Brazil;2018;Homo sapiens
ON022491.1;Brazil;2018;Homo sapiens
ON022510.1;Brazil;2018;Homo sapiens
ON022499.1;Brazil;2018;Homo sapiens
ON022503.1;Brazil;2018;Homo sapiens
ON022473.1;Brazil;2018;Homo sapiens
ON022502.1;Brazil;2018;Homo sapiens
ON022522.1;Brazil;2018;Homo sapiens
ON022534.1;Brazil;2018;Homo sapiens
ON022727.1;Brazil;2018;Homo sapiens
ON022489.1;Brazil;2018;Homo sapiens
ON022501.1;Brazil;2018;Homo sapiens
ON022493.1;Brazil;2018;Homo sapiens
ON022517.1;Brazil;2018;Callithrix
ON022465.1;Brazil;2018;Callithrix
ON022466.1;Brazil;2017;Alouatta sp
ON022519.1;Brazil;2017;Callithrix
ON022460.1;Brazil;2017;Alouatta sp
MK333808.1;Brazil;2018;Haemagogus janthinomys
ON022516.1;Brazil;2018;Homo sapiens
ON022273.1;Brazil;2018;Homo sapiens
ON022278.1;Brazil;2018;Homo sapiens
ON022397.1;Brazil;2017;Alouatta guariba clamitans
ON022438.1;Brazil;2018;Alouatta sp
ON022474.1;Brazil;2018;Homo sapiens
ON022537.1;Brazil;2017;Homo sapiens
ON022467.1;Brazil;2017;Callithrix
ON022430.1;Brazil;2017;Alouatta caraya
ON022463.1;Brazil;2017;Alouatta sp
ON022383.1;Brazil;2017;Cebidae
MH018077.1;Brazil;2017;Homo sapiens
MH018070.1;Brazil;2017;Homo sapiens
MH018085.1;Brazil;2017;Homo sapiens
MH018076.1;Brazil;2017;Homo sapiens
MH018083.1;Brazil;2017;Alouatta sp
ON022509.1;Brazil;2018;Homo sapiens
ON022532.1;Brazil;2017;Homo sapiens
MH018092.1;Brazil;2017;Homo sapiens
ON022387.1;Brazil;2017;Alouatta caraya
ON022449.1;Brazil;2018;Callithrix
ON022475.1;Brazil;2018;Homo sapiens
ON022445.1;Brazil;2018;Callithrix
ON022507.1;Brazil;2018;Homo sapiens
ON022485.1;Brazil;2018;Homo sapiens
ON022461.1;Brazil;2017;Non-human primate
ON022735.1;Brazil;2017;Callithrix
ON022734.1;Brazil;2017;Callithrix
ON022512.1;Brazil;2018;Homo sapiens
ON022543.1;Brazil;2018;Homo sapiens
ON022486.1;Brazil;2018;Homo sapiens
ON022452.1;Brazil;2018;Alouatta sp
ON022539.1;Brazil;2017;Homo sapiens
ON022660.1;Brazil;2018;Non-human primate
ON022442.1;Brazil;2018;Callithrix
ON022437.1;Brazil;2018;Callithrix
ON022454.1;Brazil;2018;Alouatta sp
ON022481.1;Brazil;2018;Homo sapiens
ON022526.1;Brazil;2018;Homo sapiens
ON022468.1;Brazil;2017;Non-human primate
ON022724.1;Brazil;2018;Homo sapiens
ON022533.1;Brazil;2018;Homo sapiens
ON022520.1;Brazil;2017;Homo sapiens
ON022544.1;Brazil;2018;Homo sapiens
ON022733.1;Brazil;2018;Callithrix
ON022530.1;Brazil;2018;Non-human primate
MH018086.1;Brazil;2017;Homo sapiens
MH018075.1;Brazil;2017;Homo sapiens
MH018097.1;Brazil;2017;Callicebus sp
MH018093.1;Brazil;2017;Homo sapiens
MH018074.1;Brazil;2017;Homo sapiens
MH018089.1;Brazil;2017;Homo sapiens
MH018084.1;Brazil;2017;Callithrix sp.
MH018073.1;Brazil;2017;Homo sapiens
MH018072.1;Brazil;2017;Homo sapiens
MH018087.1;Brazil;2017;Homo sapiens
MH018088.1;Brazil;2017;Homo sapiens
ON022723.1;Brazil;2017;Non-human primate
ON022732.1;Brazil;2017;Non-human primate
MH018098.1;Brazil;2017;Cebidae sp
MH018081.1;Brazil;2017;Cebidae sp
ON022731.1;Brazil;2017;Homo sapiens
ON022726.1;Brazil;2018;Homo sapiens
ON022529.1;Brazil;2017;Homo sapiens
ON022469.1;Brazil;2017;Callithrix
ON022730.1;Brazil;2017;Homo sapiens
ON022528.1;Brazil;2017;Homo sapiens
ON022514.1;Brazil;2018;Homo sapiens
ON022511.1;Brazil;2018;Homo sapiens
ON022427.1;Brazil;2017;Alouatta guariba clamitans
ON022462.1;Brazil;2018;Callithrix
ON022413.1;Brazil;2017;Alouatta guariba clamitans
ON022406.1;Brazil;2017;Alouatta guariba clamitans
ON022432.1;Brazil;2017;Alouatta guariba clamitans
ON022392.1;Brazil;2018;Callithrix
ON022497.1;Brazil;2018;Homo sapiens
ON022443.1;Brazil;2017;Alouatta
ON022398.1;Brazil;2017;Alouatta guariba clamitans
ON022523.1;Brazil;2017;Homo sapiens
ON022524.1;Brazil;2017;Homo sapiens
ON022409.1;Brazil;2017;Alouatta caraya
ON022416.1;Brazil;2017;Alouatta caraya
ON022538.1;Brazil;2017;Homo sapiens
ON022527.1;Brazil;2017;Homo sapiens
ON022535.1;Brazil;2017;Homo sapiens
ON022525.1;Brazil;2017;Homo sapiens
ON022536.1;Brazil;2017;Homo sapiens
ON022399.1;Brazil;2017;Cebidae
MH484432.1;Brazil;2017;Alouatta sp
ON022531.1;Brazil;2017;Homo sapiens
MH018090.1;Brazil;2017;Homo sapiens
ON022456.1;Brazil;2017;Non-human primate
MK882601.1;Brazil;2017;Homo sapiens
ON022455.1;Brazil;2017;Alouatta sp
ON022258.1;Brazil;2017;Cebidae
ON022265.1;Brazil;2018;Callithrix penicillata
ON022268.1;Brazil;2018;Homo sapiens
ON022423.1;Brazil;2017;Callithrix penicillata
ON022262.1;Brazil;2018;Alouatta sp
ON502413.1;Brazil;2018;Homo sapiens
ON502399.1;Brazil;2018;Homo sapiens
ON022257.1;Brazil;2018;Homo sapiens
ON022263.1;Brazil;2018;Homo sapiens
ON502391.1;Brazil;2018;Homo sapiens
ON502438.1;Brazil;2018;Homo sapiens
ON502389.1;Brazil;2018;Homo sapiens
ON022728.1;Brazil;2018;Homo sapiens
ON022495.1;Brazil;2018;Homo sapiens
ON022725.1;Brazil;2017;Homo sapiens
ON022428.1;Brazil;2017;Alouatta caraya
ON022425.1;Brazil;2017;Callithrix penicillata
ON022385.1;Brazil;2017;Callithrix penicillata
ON022405.1;Brazil;2017;Callithrix penicillata
ON022411.1;Brazil;2017;Callithrix penicillata
ON022431.1;Brazil;2017;Cebidae
ON022373.1;Brazil;2017;Alouatta caraya
MK249066.1;Brazil;2018;Non-human primate
ON502398.1;Brazil;2018;Homo sapiens
ON502409.1;Brazil;2018;Homo sapiens
ON022266.1;Brazil;2017;Cebidae
ON502414.1;Brazil;2018;Homo sapiens
ON502392.1;Brazil;2018;Homo sapiens
ON502419.1;Brazil;2018;Homo sapiens
ON022260.1;Brazil;2018;Homo sapiens
ON502396.1;Brazil;2018;Homo sapiens
ON022259.1;Brazil;2018;Callithrix penicillata
ON502393.1;Brazil;2018;Homo sapiens
ON502410.1;Brazil;2018;Homo sapiens
ON502394.1;Brazil;2018;Homo sapiens
ON502442.1;Brazil;2018;Homo sapiens
ON502412.1;Brazil;2018;Homo sapiens
ON022422.1;Brazil;2017;Cebidae
ON022417.1;Brazil;2017;Alouatta guariba clamitans
MH484426.1;Brazil;2017;Non-human primate
MH484434.1;Brazil;2017;Homo sapiens
MH484427.1;Brazil;2017;Callithrix sp
ON022384.1;Brazil;2017;Callithrix geoffroyi
ON022415.1;Brazil;2017;Callithrix geoffroyi
ON022379.1;Brazil;2017;Non-human primate
ON022388.1;Brazil;2017;Callithrix geoffroyi
ON022375.1;Brazil;2017;Cebidae
MF538784.2;Brazil;2017;Homo sapiens
MF170977.1;Brazil;2017;Homo sapiens
KY885001.2;Brazil;2017;Alouatta guariba clamitans
MF170978.1;Brazil;2017;Homo sapiens
MF170979.1;Brazil;2017;Homo sapiens
MF170976.1;Brazil;2017;Homo sapiens
ON502402.1;Brazil;2017;Homo sapiens
MF170968.1;Brazil;2017;Homo sapiens
ON022246.1;Brazil;2018;Homo sapiens
ON022245.1;Brazil;2018;Homo sapiens
ON502417.1;Brazil;2018;Homo sapiens
ON022393.1;Brazil;2017;Callithrix penicillata
ON022267.1;Brazil;2018;Homo sapiens
ON022380.1;Brazil;2017;Alouatta guariba clamitans
ON022244.1;Brazil;2018;Homo sapiens
ON022243.1;Brazil;2018;Callithrix
ON022248.1;Brazil;2018;Homo sapiens
ON022247.1;Brazil;2018;Homo sapiens
ON502418.1;Brazil;2018;Homo sapiens
ON502390.1;Brazil;2018;Homo sapiens
ON022377.1;Brazil;2018;Callithrix penicillata
ON502400.1;Brazil;2018;Homo sapiens
MK583154.1;Brazil;2018;Homo sapiens
ON502408.1;Brazil;2018;Homo sapiens
ON502395.1;Brazil;2018;Homo sapiens
ON502397.1;Brazil;2018;Homo sapiens
ON502407.1;Brazil;2017;Homo sapiens
MK333800.1;Brazil;2017;Alouatta guariba clamitans
KY885000.2;Brazil;2017;Alouatta guariba clamitans
MF423374.2;Brazil;2017;Haemagogus janthinomys
MF370531.1;Brazil;2017;Homo sapiens
MH018107.1;Brazil;2017;Homo sapiens
MF370537.1;Brazil;2017;Non-human primate
MN643084.1;Brazil;2018;Homo sapiens
MN643083.1;Brazil;2018;Homo sapiens
MF370530.1;Brazil;2017;Haemagogus janthinomys
MF538782.2;Brazil;2017;Homo sapiens
ON502415.1;Brazil;2018;Homo sapiens
MK882605.1;Brazil;2017;Homo sapiens
MK882615.1;Brazil;2017;Homo sapiens
ON022253.1;Brazil;2018;Homo sapiens
ON022272.1;Brazil;2018;Homo sapiens
MH484433.1;Brazil;2017;Non-human primate
MK882616.1;Brazil;2017;Homo sapiens
ON022256.1;Brazil;2018;Homo sapiens
ON022249.1;Brazil;2018;Homo sapiens
MK882599.1;Brazil;2017;Homo sapiens
ON022241.1;Brazil;2018;Alouatta sp
MK882606.1;Brazil;2017;Homo sapiens
MK882608.1;Brazil;2017;Homo sapiens
ON022279.1;Brazil;2018;Homo sapiens
MK882602.1;Brazil;2017;Domingos Martins
ON022261.1;Brazil;2018;Homo sapiens
MH018069.1;Brazil;2017;Homo sapiens
MK882612.1;Brazil;2017;Homo sapiens
MH329655.1;Brazil;2018;Aedes albopictus
MK882609.1;Brazil;2017;Homo sapiens
MH484428.1;Brazil;2017;Homo sapiens
MH484424.1;Brazil;2017;Homo sapiens
MH018099.1;Brazil;2017;Non-human primate
MN604280.1;Brazil;2017;Callithrix
MN604287.1;Brazil;2017;Alouatta sp
MH018080.1;Brazil;2017;Homo sapiens
ON502425.1;Brazil;2017;Homo sapiens
MH484425.1;Brazil;2017;Homo sapiens
ON502434.1;Brazil;2017;Homo sapiens
ON502430.1;Brazil;2017;Homo sapiens
ON502427.1;Brazil;2017;Homo sapiens
MH018068.1;Brazil;2017;Homo sapiens
MH560359.1;Brazil;2017;Homo sapiens
ON502428.1;Brazil;2017;Homo sapiens
MF370532.1;Brazil;2017;Homo sapiens
MF370534.1;Brazil;2016;Callithrix penicillata
ON502437.1;Brazil;2017;Homo sapiens
MF370538.1;Brazil;2017;Callithrix penicillata
MN604281.2;Brazil;2017;Alouatta sp
MN604282.2;Brazil;2017;Callithrix
MN604283.2;Brazil;2017;Callithrix
ON022458.1;Brazil;2018;Alouatta sp
MN604285.1;Brazil;2017;Callithrix penicillata
MN604286.1;Brazil;2017;Callithrix penicillata
ON022457.1;Brazil;2018;Callithrix
ON022451.1;Brazil;2018;Alouatta sp
ON022472.1;Brazil;2018;Homo sapiens
ON022464.1;Brazil;2017;Non-human primate
ON022470.1;Brazil;2018;Homo sapiens
ON022447.1;Brazil;2017;Homo sapiens
ON022444.1;Brazil;2017;Alouatta sp
ON022440.1;Brazil;2018;Alouatta sp
MN643092.1;Brazil;2018;Alouatta guariba
ON022459.1;Brazil;2018;Callithrix
ON022434.1;Brazil;2018;Alouatta sp
ON022521.1;Brazil;2017;Homo sapiens
ON022433.1;Brazil;2018;Alouatta sp
ON022441.1;Brazil;2018;Callicebus
ON022478.1;Brazil;2018;Homo sapiens
ON022488.1;Brazil;2018;Homo sapiens
ON022515.1;Brazil;2018;Homo sapiens
ON022395.1;Brazil;2017;Alouatta guariba clamitans
ON022518.1;Brazil;2017;Non-human primate
ON022487.1;Brazil;2018;Homo sapiens
ON022505.1;Brazil;2018;Homo sapiens
MK882613.1;Brazil;2017;Homo sapiens
ON022484.1;Brazil;2018;Homo sapiens
ON022446.1;Brazil;2017;Non-human primate
ON022436.1;Brazil;2018;Alouatta sp
ON022277.1;Brazil;2018;Homo sapiens
MN506278.1;Brazil;2017;Haemagogus leucocelaenus 
ON022313.1;Brazil;2018;Alouatta sp
MN506277.1;Brazil;2017;Haemagogus leucocelaenus 
MK333802.1;Brazil;2017;Haemagogus leucocelaenus
MF170974.1;Brazil;2017;Homo sapiens
MN506281.1;Brazil;2017;Haemagogus janthinomys
MN643088.1;Brazil;2017;Alouatta guariba
MF423376.2;Brazil;2017;Alouatta guariba clamitans
MF370547.1;Brazil;2017;Alouatta sp
MH018112.1;Brazil;2017;Alouatta sp
MK333805.1;Brazil;2018;Sabethes chloropterus
ON022477.1;Brazil;2018;Homo sapiens
ON022490.1;Brazil;2018;Homo sapiens
ON022496.1;Brazil;2017;Homo sapiens
ON022453.1;Brazil;2018;Callithrix
ON022287.1;Brazil;2018;Alouatta sp
MN643086.1;Brazil;2018;Homo sapiens
MH378284.1;Brazil;2017;Homo sapiens
ON022285.1;Brazil;2018;Alouatta sp
MN506270.1;Brazil;2017;Haemagogus leucocelaenus 
MN506269.1;Brazil;2017;Haemagogus leucocelaenus 
MN506274.1;Brazil;2017;Aedes taeniorhynchus
MN506272.1;Brazil;2017;Aedes scapularis
MK089775.1;Brazil;2017;Ochlerotatus taeniorhynchus
MN506276.1;Brazil;2017;Haemagogus leucocelaenus 
MF538786.2;Brazil;2017;marmoset
MN643081.1;Brazil;2018;Homo sapiens
ON022480.1;Brazil;2018;Homo sapiens
MN643082.1;Brazil;2018;Homo sapiens
MK882603.1;Brazil;2018;Homo sapiens
MK882600.1;Brazil;2018;Homo sapiens
MK533792.1;Brazil;2019;Alouatta guariba clamitans
MN506275.1;Brazil;2017;Haemagogus leucocelaenus 
MF170981.1;Brazil;2017;Homo sapiens
MF170970.1;Brazil;2017;Homo sapiens
MF170969.1;Brazil;2017;Homo sapiens
MN506280.1;Brazil;2017;Haemagogus leucocelaenus 
MN506279.1;Brazil;2017;Haemagogus leucocelaenus 
MN506268.1;Brazil;2017;Haemagogus leucocelaenus 
MN506271.1;Brazil;2017;Haemagogus leucocelaenus 
MN506267.1;Brazil;2017;Haemagogus leucocelaenus 
MF170980.1;Brazil;2017;Homo sapiens
MK333801.1;Brazil;2017;Haemagogus janthinomys
MF423375.2;Brazil;2017;Alouatta guariba clamitans
MK583168.1;Brazil;2018;Homo sapiens
MN506282.1;Brazil;2017;Haemagogus janthinomys
MF170973.1;Brazil;2017;Homo sapiens
MN643091.1;Brazil;2018;Alouatta guariba
MN506283.1;Brazil;2017;Haemagogus janthinomys
MN506273.1;Brazil;2017;Haemagogus leucocelaenus 
MN643090.1;Brazil;2018;Alouatta guariba
MK882611.1;Brazil;2017;Homo sapiens
MK882607.1;Brazil;2017;Homo sapiens
MF170972.1;Brazil;2017;Homo sapiens
MK882621.1;Brazil;2018;Homo sapiens
MF434851.2;Brazil;2017;Homo sapiens
MN643089.1;Brazil;2017;Alouatta guariba
ON022435.1;Brazil;2017;Alouatta sp
ON022269.1;Brazil;2017;Alouatta sp
MK882617.1;Brazil;2017;Homo sapiens
MN643087.1;Brazil;2018;Homo sapiens
MN506266.1;Brazil;2018;Haemagogus janthinomys
MN643085.1;Brazil;2018;Homo sapiens
MF538783.2;Brazil;2017;Homo sapiens
MF370533.1;Brazil;2017;Homo sapiens
ON502432.1;Brazil;2017;Homo sapiens
ON502404.1;Brazil;2017;Homo sapiens
ON502426.1;Brazil;2017;Homo sapiens
MH018091.1;Brazil;2017;Homo sapiens
MH018078.1;Brazil;2017;Homo sapiens
ON502429.1;Brazil;2017;Homo sapiens
MH018094.1;Brazil;2017;Homo sapiens
MH018110.1;Brazil;2017;Callithrix sp.
MH018111.1;Brazil;2017;Homo sapiens
MH018113.1;Brazil;2017;Homo sapiens
MH018109.1;Brazil;2017;Alouatta sp
MH018106.1;Brazil;2017;Alouatta sp
MH018104.1;Brazil;2017;Homo sapiens
MH018102.1;Brazil;2017;Non-human primate
MH018103.1;Brazil;2017;Homo sapiens
MH018105.1;Brazil;2017;Homo sapiens
MK249065.1;Brazil;2017;Homo sapiens
MH018096.1;Brazil;2017;Alouatta sp
MH018095.1;Brazil;2017;Callithrix sp
MH018079.1;Brazil;2017;Homo sapiens
ON502433.1;Brazil;2017;Homo sapiens
ON502423.1;Brazil;2017;Homo sapiens
ON502436.1;Brazil;2017;Homo sapiens
ON502431.1;Brazil;2017;Homo sapiens
ON502406.1;Brazil;2017;Homo sapiens
MF465805.1;Brazil;2017;Homo sapiens
MH484429.1;Brazil;2017;Callithrix sp
MF370535.1;Brazil;2016;Alouatta sp
MF370536.1;Brazil;2016;Alouatta sp
MF370549.1;Brazil;2015;Non-human primate
MK882614.1;Brazil;2017;Homo sapiens
MH018071.1;Brazil;2017;Homo sapiens
ON502439.1;Brazil;2018;Homo sapiens
ON502405.1;Brazil;2018;Homo sapiens
ON022372.1;Brazil;2017;Alouatta guariba clamitans
ON022251.1;Brazil;2018;Cebidae
ON502440.1;Brazil;2018;Homo sapiens
ON502411.1;Brazil;2018;Homo sapiens
ON022255.1;Brazil;2018;Homo sapiens
ON022250.1;Brazil;2018;Homo sapiens
ON502420.1;Brazil;2018;Homo sapiens
ON022254.1;Brazil;2018;Callithrix penicillata
ON022252.1;Brazil;2018;Cebidae
ON502421.1;Brazil;2018;Homo sapiens
ON502441.1;Brazil;2018;Homo sapiens
ON502401.1;Brazil;2018;Homo sapiens
ON022371.1;Brazil;2017;Alouatta caraya
ON022410.1;Brazil;2017;Callithrix penicillata
ON022403.1;Brazil;2017;Alouatta guariba clamitans
ON022402.1;Brazil;2017;Non-human primate
ON022419.1;Brazil;2017;Non-human primate
ON022391.1;Brazil;2017;Alouatta guariba clamitans
ON022376.1;Brazil;2018;Alouatta sp
ON022412.1;Brazil;2017;Alouatta caraya
ON022394.1;Brazil;2018;Callithrix penicillata
ON022404.1;Brazil;2017;Alouatta caraya
ON022396.1;Brazil;2017;Callithrix penicillata
ON022418.1;Brazil;2017;Sapajus apella
ON022401.1;Brazil;2017;Non-human primate
ON022389.1;Brazil;2017;Cebidae
MH484431.1;Brazil;2017;Non-human primate
MH666058.1;Brazil;2016;Sapajus sp
MH666056.1;Brazil;2016;Alouatta sp
ON022288.1;Brazil;2016;Non-human primate
ON022700.1;Brazil;2016;Alouatta sp
MT497523.1;Brazil;2016;Alouatta sp
MT497524.1;Brazil;2016;Alouatta sp
ON022311.1;Brazil;2016;Alouatta sp
MT497520.1;Brazil;2016;Sapajus sp
OP508588.1;Brazil;2022;Non-human primate
OP508585.1;Brazil;2022;Non-human primate
OP508582.1;Brazil;2022;Non-human primate
OP508583.1;Brazil;2022;Non-human primate
OP508586.1;Brazil;2022;Non-human primate
OP508581.1;Brazil;2022;Non-human primate
OP508589.1;Brazil;2022;Non-human primate
OP508580.1;Brazil;2022;Non-human primate
OP508578.1;Brazil;2022;Non-human primate
OP508584.1;Brazil;2022;Non-human primate
OP508577.1;Brazil;2022;Non-human primate
OP508579.1;Brazil;2022;Non-human primate
OL519589.1;Brazil;2021;Alouatta caraya
OL519588.1;Brazil;2021;Alouatta caraya
OL519587.1;Brazil;2021;Alouatta caraya
OQ572696.1;Brazil;2021;Sabethes chloropterus
OQ572695.1;Brazil;2021;Sabethes chloropterus
OP508576.1;Brazil;2021;Non-human primate
OP508574.1;Brazil;2020;Alouatta caraya
OP508571.1;Brazil;2020;Callithrix penicillata
OP508572.1;Brazil;2020;Alouatta caraya
OP508570.1;Brazil;2020;Callithrix penicillata
OP508575.1;Brazil;2020;Alouatta caraya
OP508573.1;Brazil;2020;Alouatta caraya
OP508715.1;Brazil;2017;Non-human primate
MF370546.1;Brazil;2017;Alouatta caraya
MF370544.1;Brazil;2017;Aotus ozzarae infulatus
MF370540.1;Brazil;2017;Alouatta seniculus
MF370541.1;Brazil;2017;Alouatta sp.
O-022716.1;Brazil;2004;Homo sapiens
MW158352.1;Venezuela;2005;Alouatta seniculus
MW158351.1;Venezuela;2005;Alouatta seniculus
MW158355.1;Venezuela;2006;Alouatta seniculus
KM388818.1;Venezuela;2006;Alouatta seniculus
MW158356.1;Venezuela;2007;Alouatta seniculus
KM388815.1;Venezuela;2007;Alouatta seniculus
KM388814.1;Venezuela;2005;Homo sapiens
MW158353.1;Venezuela;2005;Homo sapiens
MW158354.1;Venezuela;2005;Homo sapiens
MW158357.1;Venezuela;2010;Alouatta seniculus
KM388816.1;Venezuela;2010;Alouatta seniculus
MW158350.1;Venezuela;2004;Alouatta seniculus
KM388817.1;Venezuela;2004;Alouatta seniculus
MK333803.1;Brazil;2017;Alouatta caraya
MF370543.1;Brazil;2017;Alouatta sp.
KY861728.1;Brazil;2008;Alouatta sp.
JF912190.1;Brazil;2002;Homo sapiens
MF370542.1;Brazil;2017;Alouatta guariba
MF370539.1;Brazil;2017;Sapajus libidinosus
ON022717.1;Brazil;2000;Homo sapiens
ON022720.1;Brazil;2000;Homo sapiens
JF912188.1;Brazil;2000;Homo sapiens
MH018101.1;Brazil;2003;Homo sapiens
MH018100.1;Brazil;2003;Homo sapiens
MG969501.1;Brazil;2001;Homo sapiens
JF912187.1;Brazil;2000;Homo sapiens
MW158342.1;Brazil;2000;Homo sapiens
ON022718.1;Brazil;2000;Homo sapiens
JF912189.1;Brazil;2001;Alouatta sp.
MF370545.1;Brazil;2017;Homo sapiens
MF347613.1;Suriname;2017;Homo sapiens
MW158367.1;Trinidad and Tobago;2009;Coquillettidia venezuelensis
MW158365.1;Trinidad and Tobago;2008;Mansonia titillans
HM582851.1;Trinidad and Tobago;2009;Alouatta seniculus
MW158366.1;Trinidad and Tobago;2009;Culex spissipes
MW158364.1;Trinidad and Tobago;2009;Coquillettidia venezuelensis
MW158349.1;Venezuela;2004;Alouatta seniculus
MW158348.1;Trinidad and Tobago;1995;Haemagogus sp.
MW158346.1;Trinidad and Tobago;1989;Sabethes chloropterus
MW158345.1;Trinidad and Tobago;1988;Haemagogus janthinomys
MW158347.1;Trinidad and Tobago;1989;Alouatta sp.
ON022722.1;Brazil;1993;Homo sapiens
JF912185.1;Brazil;1992;Sabethes sp.
JF912182.1;Brazil;1984;Homo sapiens
MW158344.1;Brazil;1985;Haemagogus janthinomys
JF912180.1;Brazil;1981;Homo sapiens
MW158343.1;Brazil;1973;Haemagogus sp.
MW158341.1;Brazil;1991;Alouatta sp.
JF912186.1;Brazil;1994;Homo sapiens
JF912184.1;Brazil;1987;Homo sapiens
JF912179.1;Brazil;1980;Haemagogus sp.
JF912183.1;Brazil;1984;Homo sapiens
MW158340.1;Brazil;1968;Saguinus midas
MW158338.1;Brazil;1955;Sentinel monkey
MW158339.1;Brazil;1960;Cebus sp.
MW158361.1;Peru;1995;Homo sapiens
MW158359.1;Peru;1998;Homo sapiens
MF004382.1;Bolivia;1999;Homo sapiens
KF907504.1;Bolivia;1999;Homo sapiens
